<?xml version="1.0" encoding="UTF-8" ?>
<EML Id="510" SchemaVersion="5.0">
	<TransactionId>707</TransactionId>
	<MessageLanguage>en-US</MessageLanguage>
	<IssueDate>2012-10-17T09:29:38-07:00</IssueDate>
	<Count>
		<EventIdentifier Id="California_2012_Statewide_Presidential_General_Election_TEST_DATA" />
		<Election>
			<ElectionIdentifier Id="20121106" />
			<Contests>
			<Contest>
				<ContestIdentifier Id="100000000001" DisplayOrder="2">
					<ContestName>U.S. Senate</ContestName>
				</ContestIdentifier>
				<TotalVotes>
					<CountMetric Id="PR" Type="Precincts Reporting">11019</CountMetric>
					<CountMetric Id="TP" Type="Total Precincts">24490</CountMetric>
					<CountMetric Id="RT" Type="ReportType">1</CountMetric>
					<Selection>
						<Candidate>
							<CandidateIdentifier Id="173" DisplayOrder="1">
								<CandidateName>Dianne&nbsp;Feinstein</CandidateName>
							</CandidateIdentifier>
							<Affiliation>
								<AffiliationIdentifier Id="Party">
									<RegisteredName />
								</AffiliationIdentifier>
								<Type>Democratic</Type>
							</Affiliation>
						</Candidate>
						<ValidVotes>1871877</ValidVotes>
						<CountMetric Id="PVP" Type="Percent Votes in Party">100.0</CountMetric>
						<CountMetric Id="PVR" Type="Percent Votes in Race">44.0</CountMetric>
					</Selection>
					<Selection>
						<Candidate>
							<CandidateIdentifier Id="396" DisplayOrder="2">
								<CandidateName>Elizabeth&nbsp;Emken</CandidateName>
							</CandidateIdentifier>
							<Affiliation>
								<AffiliationIdentifier Id="Party">
									<RegisteredName />
								</AffiliationIdentifier>
								<Type>Republican</Type>
							</Affiliation>
						</Candidate>
						<ValidVotes>2386148</ValidVotes>
						<CountMetric Id="PVP" Type="Percent Votes in Party">100.0</CountMetric>
						<CountMetric Id="PVR" Type="Percent Votes in Race">56.0</CountMetric>
					</Selection>
				</TotalVotes>
				<ReportingUnitVotes>
					<ReportingUnitIdentifier Id="1">Alameda</ReportingUnitIdentifier>
					<CountMetric Id="PR" Type="Precincts Reporting">629</CountMetric>
					<CountMetric Id="TP" Type="Total Precincts">1100</CountMetric>
					<CountMetric Id="RT" Type="ReportType">1</CountMetric>
					<Selection>
						<Candidate>
							<CandidateIdentifier Id="173" DisplayOrder="1">
								<CandidateName>Dianne&nbsp;Feinstein</CandidateName>
							</CandidateIdentifier>
							<Affiliation>
								<AffiliationIdentifier Id="Party">
									<RegisteredName />
								</AffiliationIdentifier>
								<Type>Democratic</Type>
							</Affiliation>
						</Candidate>
						<ValidVotes>100727</ValidVotes>
						<CountMetric Id="PVP" Type="Percent Votes in Party">100.0</CountMetric>
						<CountMetric Id="PVR" Type="Percent Votes in Race">24.0</CountMetric>
					</Selection>
					<Selection>
						<Candidate>
							<CandidateIdentifier Id="396" DisplayOrder="2">
								<CandidateName>Elizabeth&nbsp;Emken</CandidateName>
							</CandidateIdentifier>
							<Affiliation>
								<AffiliationIdentifier Id="Party">
									<RegisteredName />
								</AffiliationIdentifier>
								<Type>Republican</Type>
							</Affiliation>
						</Candidate>
						<ValidVotes>318970</ValidVotes>
						<CountMetric Id="PVP" Type="Percent Votes in Party">100.0</CountMetric>
						<CountMetric Id="PVR" Type="Percent Votes in Race">76.0</CountMetric>
					</Selection>
				</ReportingUnitVotes>
				<ReportingUnitVotes>
					<ReportingUnitIdentifier Id="2">Alpine</ReportingUnitIdentifier>
					<CountMetric Id="PR" Type="Precincts Reporting">5</CountMetric>
					<CountMetric Id="TP" Type="Total Precincts">5</CountMetric>
					<CountMetric Id="RT" Type="ReportType">2</CountMetric>
					<Selection>
						<Candidate>
							<CandidateIdentifier Id="173" DisplayOrder="1">
								<CandidateName>Dianne&nbsp;Feinstein</CandidateName>
							</CandidateIdentifier>
							<Affiliation>
								<AffiliationIdentifier Id="Party">
									<RegisteredName />
								</AffiliationIdentifier>
								<Type>Democratic</Type>
							</Affiliation>
						</Candidate>
						<ValidVotes>22</ValidVotes>
						<CountMetric Id="PVP" Type="Percent Votes in Party">100.0</CountMetric>
						<CountMetric Id="PVR" Type="Percent Votes in Race">3.0</CountMetric>
					</Selection>
					<Selection>
						<Candidate>
							<CandidateIdentifier Id="396" DisplayOrder="2">
								<CandidateName>Elizabeth&nbsp;Emken</CandidateName>
							</CandidateIdentifier>
							<Affiliation>
								<AffiliationIdentifier Id="Party">
									<RegisteredName />
								</AffiliationIdentifier>
								<Type>Republican</Type>
							</Affiliation>
						</Candidate>
						<ValidVotes>716</ValidVotes>
						<CountMetric Id="PVP" Type="Percent Votes in Party">100.0</CountMetric>
						<CountMetric Id="PVR" Type="Percent Votes in Race">97.0</CountMetric>
					</Selection>
				</ReportingUnitVotes>
				<ReportingUnitVotes>
					<ReportingUnitIdentifier Id="3">Amador</ReportingUnitIdentifier>
					<CountMetric Id="PR" Type="Precincts Reporting">59</CountMetric>
					<CountMetric Id="TP" Type="Total Precincts">59</CountMetric>
					<CountMetric Id="RT" Type="ReportType">2</CountMetric>
					<Selection>
						<Candidate>
							<CandidateIdentifier Id="173" DisplayOrder="1">
								<CandidateName>Dianne&nbsp;Feinstein</CandidateName>
							</CandidateIdentifier>
							<Affiliation>
								<AffiliationIdentifier Id="Party">
									<RegisteredName />
								</AffiliationIdentifier>
								<Type>Democratic</Type>
							</Affiliation>
						</Candidate>
						<ValidVotes>10740</ValidVotes>
						<CountMetric Id="PVP" Type="Percent Votes in Party">100.0</CountMetric>
						<CountMetric Id="PVR" Type="Percent Votes in Race">53.0</CountMetric>
					</Selection>
					<Selection>
						<Candidate>
							<CandidateIdentifier Id="396" DisplayOrder="2">
								<CandidateName>Elizabeth&nbsp;Emken</CandidateName>
							</CandidateIdentifier>
							<Affiliation>
								<AffiliationIdentifier Id="Party">
									<RegisteredName />
								</AffiliationIdentifier>
								<Type>Republican</Type>
							</Affiliation>
						</Candidate>
						<ValidVotes>9521</ValidVotes>
						<CountMetric Id="PVP" Type="Percent Votes in Party">100.0</CountMetric>
						<CountMetric Id="PVR" Type="Percent Votes in Race">47.0</CountMetric>
					</Selection>
				</ReportingUnitVotes>
				<ReportingUnitVotes>
					<ReportingUnitIdentifier Id="4">Butte</ReportingUnitIdentifier>
					<CountMetric Id="PR" Type="Precincts Reporting">114</CountMetric>
					<CountMetric Id="TP" Type="Total Precincts">155</CountMetric>
					<CountMetric Id="RT" Type="ReportType">1</CountMetric>
					<Selection>
						<Candidate>
							<CandidateIdentifier Id="173" DisplayOrder="1">
								<CandidateName>Dianne&nbsp;Feinstein</CandidateName>
							</CandidateIdentifier>
							<Affiliation>
								<AffiliationIdentifier Id="Party">
									<RegisteredName />
								</AffiliationIdentifier>
								<Type>Democratic</Type>
							</Affiliation>
						</Candidate>
						<ValidVotes>40731</ValidVotes>
						<CountMetric Id="PVP" Type="Percent Votes in Party">100.0</CountMetric>
						<CountMetric Id="PVR" Type="Percent Votes in Race">50.0</CountMetric>
					</Selection>
					<Selection>
						<Candidate>
							<CandidateIdentifier Id="396" DisplayOrder="2">
								<CandidateName>Elizabeth&nbsp;Emken</CandidateName>
							</CandidateIdentifier>
							<Affiliation>
								<AffiliationIdentifier Id="Party">
									<RegisteredName />
								</AffiliationIdentifier>
								<Type>Republican</Type>
							</Affiliation>
						</Candidate>
						<ValidVotes>40730</ValidVotes>
						<CountMetric Id="PVP" Type="Percent Votes in Party">100.0</CountMetric>
						<CountMetric Id="PVR" Type="Percent Votes in Race">50.0</CountMetric>
					</Selection>
				</ReportingUnitVotes>
				<ReportingUnitVotes>
					<ReportingUnitIdentifier Id="5">Calaveras</ReportingUnitIdentifier>
					<CountMetric Id="PR" Type="Precincts Reporting">36</CountMetric>
					<CountMetric Id="TP" Type="Total Precincts">36</CountMetric>
					<CountMetric Id="RT" Type="ReportType">2</CountMetric>
					<Selection>
						<Candidate>
							<CandidateIdentifier Id="173" DisplayOrder="1">
								<CandidateName>Dianne&nbsp;Feinstein</CandidateName>
							</CandidateIdentifier>
							<Affiliation>
								<AffiliationIdentifier Id="Party">
									<RegisteredName />
								</AffiliationIdentifier>
								<Type>Democratic</Type>
							</Affiliation>
						</Candidate>
						<ValidVotes>14546</ValidVotes>
						<CountMetric Id="PVP" Type="Percent Votes in Party">100.0</CountMetric>
						<CountMetric Id="PVR" Type="Percent Votes in Race">53.0</CountMetric>
					</Selection>
					<Selection>
						<Candidate>
							<CandidateIdentifier Id="396" DisplayOrder="2">
								<CandidateName>Elizabeth&nbsp;Emken</CandidateName>
							</CandidateIdentifier>
							<Affiliation>
								<AffiliationIdentifier Id="Party">
									<RegisteredName />
								</AffiliationIdentifier>
								<Type>Republican</Type>
							</Affiliation>
						</Candidate>
						<ValidVotes>12900</ValidVotes>
						<CountMetric Id="PVP" Type="Percent Votes in Party">100.0</CountMetric>
						<CountMetric Id="PVR" Type="Percent Votes in Race">47.0</CountMetric>
					</Selection>
				</ReportingUnitVotes>
				<ReportingUnitVotes>
					<ReportingUnitIdentifier Id="6">Colusa</ReportingUnitIdentifier>
					<CountMetric Id="PR" Type="Precincts Reporting">10</CountMetric>
					<CountMetric Id="TP" Type="Total Precincts">18</CountMetric>
					<CountMetric Id="RT" Type="ReportType">1</CountMetric>
					<Selection>
						<Candidate>
							<CandidateIdentifier Id="173" DisplayOrder="1">
								<CandidateName>Dianne&nbsp;Feinstein</CandidateName>
							</CandidateIdentifier>
							<Affiliation>
								<AffiliationIdentifier Id="Party">
									<RegisteredName />
								</AffiliationIdentifier>
								<Type>Democratic</Type>
							</Affiliation>
						</Candidate>
						<ValidVotes>2552</ValidVotes>
						<CountMetric Id="PVP" Type="Percent Votes in Party">100.0</CountMetric>
						<CountMetric Id="PVR" Type="Percent Votes in Race">61.0</CountMetric>
					</Selection>
					<Selection>
						<Candidate>
							<CandidateIdentifier Id="396" DisplayOrder="2">
								<CandidateName>Elizabeth&nbsp;Emken</CandidateName>
							</CandidateIdentifier>
							<Affiliation>
								<AffiliationIdentifier Id="Party">
									<RegisteredName />
								</AffiliationIdentifier>
								<Type>Republican</Type>
							</Affiliation>
						</Candidate>
						<ValidVotes>1632</ValidVotes>
						<CountMetric Id="PVP" Type="Percent Votes in Party">100.0</CountMetric>
						<CountMetric Id="PVR" Type="Percent Votes in Race">39.0</CountMetric>
					</Selection>
				</ReportingUnitVotes>
				<ReportingUnitVotes>
					<ReportingUnitIdentifier Id="7">Contra Costa</ReportingUnitIdentifier>
					<CountMetric Id="PR" Type="Precincts Reporting">482</CountMetric>
					<CountMetric Id="TP" Type="Total Precincts">834</CountMetric>
					<CountMetric Id="RT" Type="ReportType">1</CountMetric>
					<Selection>
						<Candidate>
							<CandidateIdentifier Id="173" DisplayOrder="1">
								<CandidateName>Dianne&nbsp;Feinstein</CandidateName>
							</CandidateIdentifier>
							<Affiliation>
								<AffiliationIdentifier Id="Party">
									<RegisteredName />
								</AffiliationIdentifier>
								<Type>Democratic</Type>
							</Affiliation>
						</Candidate>
						<ValidVotes>70403</ValidVotes>
						<CountMetric Id="PVP" Type="Percent Votes in Party">100.0</CountMetric>
						<CountMetric Id="PVR" Type="Percent Votes in Race">24.0</CountMetric>
					</Selection>
					<Selection>
						<Candidate>
							<CandidateIdentifier Id="396" DisplayOrder="2">
								<CandidateName>Elizabeth&nbsp;Emken</CandidateName>
							</CandidateIdentifier>
							<Affiliation>
								<AffiliationIdentifier Id="Party">
									<RegisteredName />
								</AffiliationIdentifier>
								<Type>Republican</Type>
							</Affiliation>
						</Candidate>
						<ValidVotes>222944</ValidVotes>
						<CountMetric Id="PVP" Type="Percent Votes in Party">100.0</CountMetric>
						<CountMetric Id="PVR" Type="Percent Votes in Race">76.0</CountMetric>
					</Selection>
				</ReportingUnitVotes>
				<ReportingUnitVotes>
					<ReportingUnitIdentifier Id="8">Del Norte</ReportingUnitIdentifier>
					<CountMetric Id="PR" Type="Precincts Reporting">8</CountMetric>
					<CountMetric Id="TP" Type="Total Precincts">18</CountMetric>
					<CountMetric Id="RT" Type="ReportType">1</CountMetric>
					<Selection>
						<Candidate>
							<CandidateIdentifier Id="173" DisplayOrder="1">
								<CandidateName>Dianne&nbsp;Feinstein</CandidateName>
							</CandidateIdentifier>
							<Affiliation>
								<AffiliationIdentifier Id="Party">
									<RegisteredName />
								</AffiliationIdentifier>
								<Type>Democratic</Type>
							</Affiliation>
						</Candidate>
						<ValidVotes>3382</ValidVotes>
						<CountMetric Id="PVP" Type="Percent Votes in Party">100.0</CountMetric>
						<CountMetric Id="PVR" Type="Percent Votes in Race">70.0</CountMetric>
					</Selection>
					<Selection>
						<Candidate>
							<CandidateIdentifier Id="396" DisplayOrder="2">
								<CandidateName>Elizabeth&nbsp;Emken</CandidateName>
							</CandidateIdentifier>
							<Affiliation>
								<AffiliationIdentifier Id="Party">
									<RegisteredName />
								</AffiliationIdentifier>
								<Type>Republican</Type>
							</Affiliation>
						</Candidate>
						<ValidVotes>1449</ValidVotes>
						<CountMetric Id="PVP" Type="Percent Votes in Party">100.0</CountMetric>
						<CountMetric Id="PVR" Type="Percent Votes in Race">30.0</CountMetric>
					</Selection>
				</ReportingUnitVotes>
				<ReportingUnitVotes>
					<ReportingUnitIdentifier Id="9">El Dorado</ReportingUnitIdentifier>
					<CountMetric Id="PR" Type="Precincts Reporting">34</CountMetric>
					<CountMetric Id="TP" Type="Total Precincts">158</CountMetric>
					<CountMetric Id="RT" Type="ReportType">1</CountMetric>
					<Selection>
						<Candidate>
							<CandidateIdentifier Id="173" DisplayOrder="1">
								<CandidateName>Dianne&nbsp;Feinstein</CandidateName>
							</CandidateIdentifier>
							<Affiliation>
								<AffiliationIdentifier Id="Party">
									<RegisteredName />
								</AffiliationIdentifier>
								<Type>Democratic</Type>
							</Affiliation>
						</Candidate>
						<ValidVotes>12251</ValidVotes>
						<CountMetric Id="PVP" Type="Percent Votes in Party">100.0</CountMetric>
						<CountMetric Id="PVR" Type="Percent Votes in Race">55.0</CountMetric>
					</Selection>
					<Selection>
						<Candidate>
							<CandidateIdentifier Id="396" DisplayOrder="2">
								<CandidateName>Elizabeth&nbsp;Emken</CandidateName>
							</CandidateIdentifier>
							<Affiliation>
								<AffiliationIdentifier Id="Party">
									<RegisteredName />
								</AffiliationIdentifier>
								<Type>Republican</Type>
							</Affiliation>
						</Candidate>
						<ValidVotes>10023</ValidVotes>
						<CountMetric Id="PVP" Type="Percent Votes in Party">100.0</CountMetric>
						<CountMetric Id="PVR" Type="Percent Votes in Race">45.0</CountMetric>
					</Selection>
				</ReportingUnitVotes>
				<ReportingUnitVotes>
					<ReportingUnitIdentifier Id="10">Fresno</ReportingUnitIdentifier>
					<CountMetric Id="PR" Type="Precincts Reporting">353</CountMetric>
					<CountMetric Id="TP" Type="Total Precincts">611</CountMetric>
					<CountMetric Id="RT" Type="ReportType">1</CountMetric>
					<Selection>
						<Candidate>
							<CandidateIdentifier Id="173" DisplayOrder="1">
								<CandidateName>Dianne&nbsp;Feinstein</CandidateName>
							</CandidateIdentifier>
							<Affiliation>
								<AffiliationIdentifier Id="Party">
									<RegisteredName />
								</AffiliationIdentifier>
								<Type>Democratic</Type>
							</Affiliation>
						</Candidate>
						<ValidVotes>162616</ValidVotes>
						<CountMetric Id="PVP" Type="Percent Votes in Party">100.0</CountMetric>
						<CountMetric Id="PVR" Type="Percent Votes in Race">74.0</CountMetric>
					</Selection>
					<Selection>
						<Candidate>
							<CandidateIdentifier Id="396" DisplayOrder="2">
								<CandidateName>Elizabeth&nbsp;Emken</CandidateName>
							</CandidateIdentifier>
							<Affiliation>
								<AffiliationIdentifier Id="Party">
									<RegisteredName />
								</AffiliationIdentifier>
								<Type>Republican</Type>
							</Affiliation>
						</Candidate>
						<ValidVotes>57136</ValidVotes>
						<CountMetric Id="PVP" Type="Percent Votes in Party">100.0</CountMetric>
						<CountMetric Id="PVR" Type="Percent Votes in Race">26.0</CountMetric>
					</Selection>
				</ReportingUnitVotes>
				<ReportingUnitVotes>
					<ReportingUnitIdentifier Id="11">Glenn</ReportingUnitIdentifier>
					<CountMetric Id="PR" Type="Precincts Reporting">3</CountMetric>
					<CountMetric Id="TP" Type="Total Precincts">34</CountMetric>
					<CountMetric Id="RT" Type="ReportType">1</CountMetric>
					<Selection>
						<Candidate>
							<CandidateIdentifier Id="173" DisplayOrder="1">
								<CandidateName>Dianne&nbsp;Feinstein</CandidateName>
							</CandidateIdentifier>
							<Affiliation>
								<AffiliationIdentifier Id="Party">
									<RegisteredName />
								</AffiliationIdentifier>
								<Type>Democratic</Type>
							</Affiliation>
						</Candidate>
						<ValidVotes>480</ValidVotes>
						<CountMetric Id="PVP" Type="Percent Votes in Party">100.0</CountMetric>
						<CountMetric Id="PVR" Type="Percent Votes in Race">41.0</CountMetric>
					</Selection>
					<Selection>
						<Candidate>
							<CandidateIdentifier Id="396" DisplayOrder="2">
								<CandidateName>Elizabeth&nbsp;Emken</CandidateName>
							</CandidateIdentifier>
							<Affiliation>
								<AffiliationIdentifier Id="Party">
									<RegisteredName />
								</AffiliationIdentifier>
								<Type>Republican</Type>
							</Affiliation>
						</Candidate>
						<ValidVotes>690</ValidVotes>
						<CountMetric Id="PVP" Type="Percent Votes in Party">100.0</CountMetric>
						<CountMetric Id="PVR" Type="Percent Votes in Race">59.0</CountMetric>
					</Selection>
				</ReportingUnitVotes>
				<ReportingUnitVotes>
					<ReportingUnitIdentifier Id="12">Humboldt</ReportingUnitIdentifier>
					<CountMetric Id="PR" Type="Precincts Reporting">129</CountMetric>
					<CountMetric Id="TP" Type="Total Precincts">129</CountMetric>
					<CountMetric Id="RT" Type="ReportType">2</CountMetric>
					<Selection>
						<Candidate>
							<CandidateIdentifier Id="173" DisplayOrder="1">
								<CandidateName>Dianne&nbsp;Feinstein</CandidateName>
							</CandidateIdentifier>
							<Affiliation>
								<AffiliationIdentifier Id="Party">
									<RegisteredName />
								</AffiliationIdentifier>
								<Type>Democratic</Type>
							</Affiliation>
						</Candidate>
						<ValidVotes>14746</ValidVotes>
						<CountMetric Id="PVP" Type="Percent Votes in Party">100.0</CountMetric>
						<CountMetric Id="PVR" Type="Percent Votes in Race">20.0</CountMetric>
					</Selection>
					<Selection>
						<Candidate>
							<CandidateIdentifier Id="396" DisplayOrder="2">
								<CandidateName>Elizabeth&nbsp;Emken</CandidateName>
							</CandidateIdentifier>
							<Affiliation>
								<AffiliationIdentifier Id="Party">
									<RegisteredName />
								</AffiliationIdentifier>
								<Type>Republican</Type>
							</Affiliation>
						</Candidate>
						<ValidVotes>58982</ValidVotes>
						<CountMetric Id="PVP" Type="Percent Votes in Party">100.0</CountMetric>
						<CountMetric Id="PVR" Type="Percent Votes in Race">80.0</CountMetric>
					</Selection>
				</ReportingUnitVotes>
				<ReportingUnitVotes>
					<ReportingUnitIdentifier Id="13">Imperial</ReportingUnitIdentifier>
					<CountMetric Id="PR" Type="Precincts Reporting">91</CountMetric>
					<CountMetric Id="TP" Type="Total Precincts">158</CountMetric>
					<CountMetric Id="RT" Type="ReportType">1</CountMetric>
					<Selection>
						<Candidate>
							<CandidateIdentifier Id="173" DisplayOrder="1">
								<CandidateName>Dianne&nbsp;Feinstein</CandidateName>
							</CandidateIdentifier>
							<Affiliation>
								<AffiliationIdentifier Id="Party">
									<RegisteredName />
								</AffiliationIdentifier>
								<Type>Democratic</Type>
							</Affiliation>
						</Candidate>
						<ValidVotes>1264</ValidVotes>
						<CountMetric Id="PVP" Type="Percent Votes in Party">100.0</CountMetric>
						<CountMetric Id="PVR" Type="Percent Votes in Race">4.0</CountMetric>
					</Selection>
					<Selection>
						<Candidate>
							<CandidateIdentifier Id="396" DisplayOrder="2">
								<CandidateName>Elizabeth&nbsp;Emken</CandidateName>
							</CandidateIdentifier>
							<Affiliation>
								<AffiliationIdentifier Id="Party">
									<RegisteredName />
								</AffiliationIdentifier>
								<Type>Republican</Type>
							</Affiliation>
						</Candidate>
						<ValidVotes>30329</ValidVotes>
						<CountMetric Id="PVP" Type="Percent Votes in Party">100.0</CountMetric>
						<CountMetric Id="PVR" Type="Percent Votes in Race">96.0</CountMetric>
					</Selection>
				</ReportingUnitVotes>
				<ReportingUnitVotes>
					<ReportingUnitIdentifier Id="14">Inyo</ReportingUnitIdentifier>
					<CountMetric Id="PR" Type="Precincts Reporting">12</CountMetric>
					<CountMetric Id="TP" Type="Total Precincts">24</CountMetric>
					<CountMetric Id="RT" Type="ReportType">1</CountMetric>
					<Selection>
						<Candidate>
							<CandidateIdentifier Id="173" DisplayOrder="1">
								<CandidateName>Dianne&nbsp;Feinstein</CandidateName>
							</CandidateIdentifier>
							<Affiliation>
								<AffiliationIdentifier Id="Party">
									<RegisteredName />
								</AffiliationIdentifier>
								<Type>Democratic</Type>
							</Affiliation>
						</Candidate>
						<ValidVotes>1225</ValidVotes>
						<CountMetric Id="PVP" Type="Percent Votes in Party">100.0</CountMetric>
						<CountMetric Id="PVR" Type="Percent Votes in Race">26.0</CountMetric>
					</Selection>
					<Selection>
						<Candidate>
							<CandidateIdentifier Id="396" DisplayOrder="2">
								<CandidateName>Elizabeth&nbsp;Emken</CandidateName>
							</CandidateIdentifier>
							<Affiliation>
								<AffiliationIdentifier Id="Party">
									<RegisteredName />
								</AffiliationIdentifier>
								<Type>Republican</Type>
							</Affiliation>
						</Candidate>
						<ValidVotes>3488</ValidVotes>
						<CountMetric Id="PVP" Type="Percent Votes in Party">100.0</CountMetric>
						<CountMetric Id="PVR" Type="Percent Votes in Race">74.0</CountMetric>
					</Selection>
				</ReportingUnitVotes>
				<ReportingUnitVotes>
					<ReportingUnitIdentifier Id="15">Kern</ReportingUnitIdentifier>
					<CountMetric Id="PR" Type="Precincts Reporting">296</CountMetric>
					<CountMetric Id="TP" Type="Total Precincts">583</CountMetric>
					<CountMetric Id="RT" Type="ReportType">1</CountMetric>
					<Selection>
						<Candidate>
							<CandidateIdentifier Id="173" DisplayOrder="1">
								<CandidateName>Dianne&nbsp;Feinstein</CandidateName>
							</CandidateIdentifier>
							<Affiliation>
								<AffiliationIdentifier Id="Party">
									<RegisteredName />
								</AffiliationIdentifier>
								<Type>Democratic</Type>
							</Affiliation>
						</Candidate>
						<ValidVotes>49857</ValidVotes>
						<CountMetric Id="PVP" Type="Percent Votes in Party">100.0</CountMetric>
						<CountMetric Id="PVR" Type="Percent Votes in Race">32.0</CountMetric>
					</Selection>
					<Selection>
						<Candidate>
							<CandidateIdentifier Id="396" DisplayOrder="2">
								<CandidateName>Elizabeth&nbsp;Emken</CandidateName>
							</CandidateIdentifier>
							<Affiliation>
								<AffiliationIdentifier Id="Party">
									<RegisteredName />
								</AffiliationIdentifier>
								<Type>Republican</Type>
							</Affiliation>
						</Candidate>
						<ValidVotes>105947</ValidVotes>
						<CountMetric Id="PVP" Type="Percent Votes in Party">100.0</CountMetric>
						<CountMetric Id="PVR" Type="Percent Votes in Race">68.0</CountMetric>
					</Selection>
				</ReportingUnitVotes>
				<ReportingUnitVotes>
					<ReportingUnitIdentifier Id="16">Kings</ReportingUnitIdentifier>
					<CountMetric Id="PR" Type="Precincts Reporting">91</CountMetric>
					<CountMetric Id="TP" Type="Total Precincts">182</CountMetric>
					<CountMetric Id="RT" Type="ReportType">1</CountMetric>
					<Selection>
						<Candidate>
							<CandidateIdentifier Id="173" DisplayOrder="1">
								<CandidateName>Dianne&nbsp;Feinstein</CandidateName>
							</CandidateIdentifier>
							<Affiliation>
								<AffiliationIdentifier Id="Party">
									<RegisteredName />
								</AffiliationIdentifier>
								<Type>Democratic</Type>
							</Affiliation>
						</Candidate>
						<ValidVotes>5679</ValidVotes>
						<CountMetric Id="PVP" Type="Percent Votes in Party">100.0</CountMetric>
						<CountMetric Id="PVR" Type="Percent Votes in Race">25.0</CountMetric>
					</Selection>
					<Selection>
						<Candidate>
							<CandidateIdentifier Id="396" DisplayOrder="2">
								<CandidateName>Elizabeth&nbsp;Emken</CandidateName>
							</CandidateIdentifier>
							<Affiliation>
								<AffiliationIdentifier Id="Party">
									<RegisteredName />
								</AffiliationIdentifier>
								<Type>Republican</Type>
							</Affiliation>
						</Candidate>
						<ValidVotes>17035</ValidVotes>
						<CountMetric Id="PVP" Type="Percent Votes in Party">100.0</CountMetric>
						<CountMetric Id="PVR" Type="Percent Votes in Race">75.0</CountMetric>
					</Selection>
				</ReportingUnitVotes>
				<ReportingUnitVotes>
					<ReportingUnitIdentifier Id="17">Lake</ReportingUnitIdentifier>
					<CountMetric Id="PR" Type="Precincts Reporting">35</CountMetric>
					<CountMetric Id="TP" Type="Total Precincts">70</CountMetric>
					<CountMetric Id="RT" Type="ReportType">1</CountMetric>
					<Selection>
						<Candidate>
							<CandidateIdentifier Id="173" DisplayOrder="1">
								<CandidateName>Dianne&nbsp;Feinstein</CandidateName>
							</CandidateIdentifier>
							<Affiliation>
								<AffiliationIdentifier Id="Party">
									<RegisteredName />
								</AffiliationIdentifier>
								<Type>Democratic</Type>
							</Affiliation>
						</Candidate>
						<ValidVotes>10392</ValidVotes>
						<CountMetric Id="PVP" Type="Percent Votes in Party">100.0</CountMetric>
						<CountMetric Id="PVR" Type="Percent Votes in Race">63.0</CountMetric>
					</Selection>
					<Selection>
						<Candidate>
							<CandidateIdentifier Id="396" DisplayOrder="2">
								<CandidateName>Elizabeth&nbsp;Emken</CandidateName>
							</CandidateIdentifier>
							<Affiliation>
								<AffiliationIdentifier Id="Party">
									<RegisteredName />
								</AffiliationIdentifier>
								<Type>Republican</Type>
							</Affiliation>
						</Candidate>
						<ValidVotes>6103</ValidVotes>
						<CountMetric Id="PVP" Type="Percent Votes in Party">100.0</CountMetric>
						<CountMetric Id="PVR" Type="Percent Votes in Race">37.0</CountMetric>
					</Selection>
				</ReportingUnitVotes>
				<ReportingUnitVotes>
					<ReportingUnitIdentifier Id="18">Lassen</ReportingUnitIdentifier>
					<CountMetric Id="PR" Type="Precincts Reporting">28</CountMetric>
					<CountMetric Id="TP" Type="Total Precincts">55</CountMetric>
					<CountMetric Id="RT" Type="ReportType">1</CountMetric>
					<Selection>
						<Candidate>
							<CandidateIdentifier Id="173" DisplayOrder="1">
								<CandidateName>Dianne&nbsp;Feinstein</CandidateName>
							</CandidateIdentifier>
							<Affiliation>
								<AffiliationIdentifier Id="Party">
									<RegisteredName />
								</AffiliationIdentifier>
								<Type>Democratic</Type>
							</Affiliation>
						</Candidate>
						<ValidVotes>4166</ValidVotes>
						<CountMetric Id="PVP" Type="Percent Votes in Party">100.0</CountMetric>
						<CountMetric Id="PVR" Type="Percent Votes in Race">63.0</CountMetric>
					</Selection>
					<Selection>
						<Candidate>
							<CandidateIdentifier Id="396" DisplayOrder="2">
								<CandidateName>Elizabeth&nbsp;Emken</CandidateName>
							</CandidateIdentifier>
							<Affiliation>
								<AffiliationIdentifier Id="Party">
									<RegisteredName />
								</AffiliationIdentifier>
								<Type>Republican</Type>
							</Affiliation>
						</Candidate>
						<ValidVotes>2446</ValidVotes>
						<CountMetric Id="PVP" Type="Percent Votes in Party">100.0</CountMetric>
						<CountMetric Id="PVR" Type="Percent Votes in Race">37.0</CountMetric>
					</Selection>
				</ReportingUnitVotes>
				<ReportingUnitVotes>
					<ReportingUnitIdentifier Id="19">Los Angeles</ReportingUnitIdentifier>
					<CountMetric Id="PR" Type="Precincts Reporting">2995</CountMetric>
					<CountMetric Id="TP" Type="Total Precincts">4993</CountMetric>
					<CountMetric Id="RT" Type="ReportType">1</CountMetric>
					<Selection>
						<Candidate>
							<CandidateIdentifier Id="173" DisplayOrder="1">
								<CandidateName>Dianne&nbsp;Feinstein</CandidateName>
							</CandidateIdentifier>
							<Affiliation>
								<AffiliationIdentifier Id="Party">
									<RegisteredName />
								</AffiliationIdentifier>
								<Type>Democratic</Type>
							</Affiliation>
						</Candidate>
						<ValidVotes>981</ValidVotes>
						<CountMetric Id="PVP" Type="Percent Votes in Party">100.0</CountMetric>
						<CountMetric Id="PVR" Type="Percent Votes in Race">39.9</CountMetric>
					</Selection>
					<Selection>
						<Candidate>
							<CandidateIdentifier Id="396" DisplayOrder="2">
								<CandidateName>Elizabeth&nbsp;Emken</CandidateName>
							</CandidateIdentifier>
							<Affiliation>
								<AffiliationIdentifier Id="Party">
									<RegisteredName />
								</AffiliationIdentifier>
								<Type>Republican</Type>
							</Affiliation>
						</Candidate>
						<ValidVotes>1479</ValidVotes>
						<CountMetric Id="PVP" Type="Percent Votes in Party">100.0</CountMetric>
						<CountMetric Id="PVR" Type="Percent Votes in Race">60.1</CountMetric>
					</Selection>
				</ReportingUnitVotes>
				<ReportingUnitVotes>
					<ReportingUnitIdentifier Id="20">Madera</ReportingUnitIdentifier>
					<CountMetric Id="PR" Type="Precincts Reporting">96</CountMetric>
					<CountMetric Id="TP" Type="Total Precincts">96</CountMetric>
					<CountMetric Id="RT" Type="ReportType">3</CountMetric>
					<Selection>
						<Candidate>
							<CandidateIdentifier Id="173" DisplayOrder="1">
								<CandidateName>Dianne&nbsp;Feinstein</CandidateName>
							</CandidateIdentifier>
							<Affiliation>
								<AffiliationIdentifier Id="Party">
									<RegisteredName />
								</AffiliationIdentifier>
								<Type>Democratic</Type>
							</Affiliation>
						</Candidate>
						<ValidVotes>28</ValidVotes>
						<CountMetric Id="PVP" Type="Percent Votes in Party">100.0</CountMetric>
						<CountMetric Id="PVR" Type="Percent Votes in Race">46.7</CountMetric>
					</Selection>
					<Selection>
						<Candidate>
							<CandidateIdentifier Id="396" DisplayOrder="2">
								<CandidateName>Elizabeth&nbsp;Emken</CandidateName>
							</CandidateIdentifier>
							<Affiliation>
								<AffiliationIdentifier Id="Party">
									<RegisteredName />
								</AffiliationIdentifier>
								<Type>Republican</Type>
							</Affiliation>
						</Candidate>
						<ValidVotes>32</ValidVotes>
						<CountMetric Id="PVP" Type="Percent Votes in Party">100.0</CountMetric>
						<CountMetric Id="PVR" Type="Percent Votes in Race">53.3</CountMetric>
					</Selection>
				</ReportingUnitVotes>
				<ReportingUnitVotes>
					<ReportingUnitIdentifier Id="21">Marin</ReportingUnitIdentifier>
					<CountMetric Id="PR" Type="Precincts Reporting">0</CountMetric>
					<CountMetric Id="TP" Type="Total Precincts">194</CountMetric>
					<CountMetric Id="RT" Type="ReportType">0</CountMetric>
					<Selection>
						<Candidate>
							<CandidateIdentifier Id="173" DisplayOrder="1">
								<CandidateName>Dianne&nbsp;Feinstein</CandidateName>
							</CandidateIdentifier>
							<Affiliation>
								<AffiliationIdentifier Id="Party">
									<RegisteredName />
								</AffiliationIdentifier>
								<Type>Democratic</Type>
							</Affiliation>
						</Candidate>
						<ValidVotes>0</ValidVotes>
						<CountMetric Id="PVP" Type="Percent Votes in Party">0.0</CountMetric>
						<CountMetric Id="PVR" Type="Percent Votes in Race">0.0</CountMetric>
					</Selection>
					<Selection>
						<Candidate>
							<CandidateIdentifier Id="396" DisplayOrder="2">
								<CandidateName>Elizabeth&nbsp;Emken</CandidateName>
							</CandidateIdentifier>
							<Affiliation>
								<AffiliationIdentifier Id="Party">
									<RegisteredName />
								</AffiliationIdentifier>
								<Type>Republican</Type>
							</Affiliation>
						</Candidate>
						<ValidVotes>0</ValidVotes>
						<CountMetric Id="PVP" Type="Percent Votes in Party">0.0</CountMetric>
						<CountMetric Id="PVR" Type="Percent Votes in Race">0.0</CountMetric>
					</Selection>
				</ReportingUnitVotes>
				<ReportingUnitVotes>
					<ReportingUnitIdentifier Id="22">Mariposa</ReportingUnitIdentifier>
					<CountMetric Id="PR" Type="Precincts Reporting">25</CountMetric>
					<CountMetric Id="TP" Type="Total Precincts">25</CountMetric>
					<CountMetric Id="RT" Type="ReportType">2</CountMetric>
					<Selection>
						<Candidate>
							<CandidateIdentifier Id="173" DisplayOrder="1">
								<CandidateName>Dianne&nbsp;Feinstein</CandidateName>
							</CandidateIdentifier>
							<Affiliation>
								<AffiliationIdentifier Id="Party">
									<RegisteredName />
								</AffiliationIdentifier>
								<Type>Democratic</Type>
							</Affiliation>
						</Candidate>
						<ValidVotes>2021</ValidVotes>
						<CountMetric Id="PVP" Type="Percent Votes in Party">100.0</CountMetric>
						<CountMetric Id="PVR" Type="Percent Votes in Race">20.0</CountMetric>
					</Selection>
					<Selection>
						<Candidate>
							<CandidateIdentifier Id="396" DisplayOrder="2">
								<CandidateName>Elizabeth&nbsp;Emken</CandidateName>
							</CandidateIdentifier>
							<Affiliation>
								<AffiliationIdentifier Id="Party">
									<RegisteredName />
								</AffiliationIdentifier>
								<Type>Republican</Type>
							</Affiliation>
						</Candidate>
						<ValidVotes>8084</ValidVotes>
						<CountMetric Id="PVP" Type="Percent Votes in Party">100.0</CountMetric>
						<CountMetric Id="PVR" Type="Percent Votes in Race">80.0</CountMetric>
					</Selection>
				</ReportingUnitVotes>
				<ReportingUnitVotes>
					<ReportingUnitIdentifier Id="23">Mendocino</ReportingUnitIdentifier>
					<CountMetric Id="PR" Type="Precincts Reporting">76</CountMetric>
					<CountMetric Id="TP" Type="Total Precincts">247</CountMetric>
					<CountMetric Id="RT" Type="ReportType">1</CountMetric>
					<Selection>
						<Candidate>
							<CandidateIdentifier Id="173" DisplayOrder="1">
								<CandidateName>Dianne&nbsp;Feinstein</CandidateName>
							</CandidateIdentifier>
							<Affiliation>
								<AffiliationIdentifier Id="Party">
									<RegisteredName />
								</AffiliationIdentifier>
								<Type>Democratic</Type>
							</Affiliation>
						</Candidate>
						<ValidVotes>287</ValidVotes>
						<CountMetric Id="PVP" Type="Percent Votes in Party">100.0</CountMetric>
						<CountMetric Id="PVR" Type="Percent Votes in Race">2.0</CountMetric>
					</Selection>
					<Selection>
						<Candidate>
							<CandidateIdentifier Id="396" DisplayOrder="2">
								<CandidateName>Elizabeth&nbsp;Emken</CandidateName>
							</CandidateIdentifier>
							<Affiliation>
								<AffiliationIdentifier Id="Party">
									<RegisteredName />
								</AffiliationIdentifier>
								<Type>Republican</Type>
							</Affiliation>
						</Candidate>
						<ValidVotes>14041</ValidVotes>
						<CountMetric Id="PVP" Type="Percent Votes in Party">100.0</CountMetric>
						<CountMetric Id="PVR" Type="Percent Votes in Race">98.0</CountMetric>
					</Selection>
				</ReportingUnitVotes>
				<ReportingUnitVotes>
					<ReportingUnitIdentifier Id="24">Merced</ReportingUnitIdentifier>
					<CountMetric Id="PR" Type="Precincts Reporting">77</CountMetric>
					<CountMetric Id="TP" Type="Total Precincts">126</CountMetric>
					<CountMetric Id="RT" Type="ReportType">1</CountMetric>
					<Selection>
						<Candidate>
							<CandidateIdentifier Id="173" DisplayOrder="1">
								<CandidateName>Dianne&nbsp;Feinstein</CandidateName>
							</CandidateIdentifier>
							<Affiliation>
								<AffiliationIdentifier Id="Party">
									<RegisteredName />
								</AffiliationIdentifier>
								<Type>Democratic</Type>
							</Affiliation>
						</Candidate>
						<ValidVotes>2212</ValidVotes>
						<CountMetric Id="PVP" Type="Percent Votes in Party">100.0</CountMetric>
						<CountMetric Id="PVR" Type="Percent Votes in Race">4.0</CountMetric>
					</Selection>
					<Selection>
						<Candidate>
							<CandidateIdentifier Id="396" DisplayOrder="2">
								<CandidateName>Elizabeth&nbsp;Emken</CandidateName>
							</CandidateIdentifier>
							<Affiliation>
								<AffiliationIdentifier Id="Party">
									<RegisteredName />
								</AffiliationIdentifier>
								<Type>Republican</Type>
							</Affiliation>
						</Candidate>
						<ValidVotes>53096</ValidVotes>
						<CountMetric Id="PVP" Type="Percent Votes in Party">100.0</CountMetric>
						<CountMetric Id="PVR" Type="Percent Votes in Race">96.0</CountMetric>
					</Selection>
				</ReportingUnitVotes>
				<ReportingUnitVotes>
					<ReportingUnitIdentifier Id="25">Modoc</ReportingUnitIdentifier>
					<CountMetric Id="PR" Type="Precincts Reporting">3</CountMetric>
					<CountMetric Id="TP" Type="Total Precincts">21</CountMetric>
					<CountMetric Id="RT" Type="ReportType">1</CountMetric>
					<Selection>
						<Candidate>
							<CandidateIdentifier Id="173" DisplayOrder="1">
								<CandidateName>Dianne&nbsp;Feinstein</CandidateName>
							</CandidateIdentifier>
							<Affiliation>
								<AffiliationIdentifier Id="Party">
									<RegisteredName />
								</AffiliationIdentifier>
								<Type>Democratic</Type>
							</Affiliation>
						</Candidate>
						<ValidVotes>555</ValidVotes>
						<CountMetric Id="PVP" Type="Percent Votes in Party">100.0</CountMetric>
						<CountMetric Id="PVR" Type="Percent Votes in Race">73.0</CountMetric>
					</Selection>
					<Selection>
						<Candidate>
							<CandidateIdentifier Id="396" DisplayOrder="2">
								<CandidateName>Elizabeth&nbsp;Emken</CandidateName>
							</CandidateIdentifier>
							<Affiliation>
								<AffiliationIdentifier Id="Party">
									<RegisteredName />
								</AffiliationIdentifier>
								<Type>Republican</Type>
							</Affiliation>
						</Candidate>
						<ValidVotes>205</ValidVotes>
						<CountMetric Id="PVP" Type="Percent Votes in Party">100.0</CountMetric>
						<CountMetric Id="PVR" Type="Percent Votes in Race">27.0</CountMetric>
					</Selection>
				</ReportingUnitVotes>
				<ReportingUnitVotes>
					<ReportingUnitIdentifier Id="26">Mono</ReportingUnitIdentifier>
					<CountMetric Id="PR" Type="Precincts Reporting">8</CountMetric>
					<CountMetric Id="TP" Type="Total Precincts">13</CountMetric>
					<CountMetric Id="RT" Type="ReportType">1</CountMetric>
					<Selection>
						<Candidate>
							<CandidateIdentifier Id="173" DisplayOrder="1">
								<CandidateName>Dianne&nbsp;Feinstein</CandidateName>
							</CandidateIdentifier>
							<Affiliation>
								<AffiliationIdentifier Id="Party">
									<RegisteredName />
								</AffiliationIdentifier>
								<Type>Democratic</Type>
							</Affiliation>
						</Candidate>
						<ValidVotes>133</ValidVotes>
						<CountMetric Id="PVP" Type="Percent Votes in Party">100.0</CountMetric>
						<CountMetric Id="PVR" Type="Percent Votes in Race">4.0</CountMetric>
					</Selection>
					<Selection>
						<Candidate>
							<CandidateIdentifier Id="396" DisplayOrder="2">
								<CandidateName>Elizabeth&nbsp;Emken</CandidateName>
							</CandidateIdentifier>
							<Affiliation>
								<AffiliationIdentifier Id="Party">
									<RegisteredName />
								</AffiliationIdentifier>
								<Type>Republican</Type>
							</Affiliation>
						</Candidate>
						<ValidVotes>3191</ValidVotes>
						<CountMetric Id="PVP" Type="Percent Votes in Party">100.0</CountMetric>
						<CountMetric Id="PVR" Type="Percent Votes in Race">96.0</CountMetric>
					</Selection>
				</ReportingUnitVotes>
				<ReportingUnitVotes>
					<ReportingUnitIdentifier Id="27">Monterey</ReportingUnitIdentifier>
					<CountMetric Id="PR" Type="Precincts Reporting">58</CountMetric>
					<CountMetric Id="TP" Type="Total Precincts">189</CountMetric>
					<CountMetric Id="RT" Type="ReportType">1</CountMetric>
					<Selection>
						<Candidate>
							<CandidateIdentifier Id="173" DisplayOrder="1">
								<CandidateName>Dianne&nbsp;Feinstein</CandidateName>
							</CandidateIdentifier>
							<Affiliation>
								<AffiliationIdentifier Id="Party">
									<RegisteredName />
								</AffiliationIdentifier>
								<Type>Democratic</Type>
							</Affiliation>
						</Candidate>
						<ValidVotes>16152</ValidVotes>
						<CountMetric Id="PVP" Type="Percent Votes in Party">100.0</CountMetric>
						<CountMetric Id="PVR" Type="Percent Votes in Race">34.0</CountMetric>
					</Selection>
					<Selection>
						<Candidate>
							<CandidateIdentifier Id="396" DisplayOrder="2">
								<CandidateName>Elizabeth&nbsp;Emken</CandidateName>
							</CandidateIdentifier>
							<Affiliation>
								<AffiliationIdentifier Id="Party">
									<RegisteredName />
								</AffiliationIdentifier>
								<Type>Republican</Type>
							</Affiliation>
						</Candidate>
						<ValidVotes>31353</ValidVotes>
						<CountMetric Id="PVP" Type="Percent Votes in Party">100.0</CountMetric>
						<CountMetric Id="PVR" Type="Percent Votes in Race">66.0</CountMetric>
					</Selection>
				</ReportingUnitVotes>
				<ReportingUnitVotes>
					<ReportingUnitIdentifier Id="28">Napa</ReportingUnitIdentifier>
					<CountMetric Id="PR" Type="Precincts Reporting">102</CountMetric>
					<CountMetric Id="TP" Type="Total Precincts">167</CountMetric>
					<CountMetric Id="RT" Type="ReportType">1</CountMetric>
					<Selection>
						<Candidate>
							<CandidateIdentifier Id="173" DisplayOrder="1">
								<CandidateName>Dianne&nbsp;Feinstein</CandidateName>
							</CandidateIdentifier>
							<Affiliation>
								<AffiliationIdentifier Id="Party">
									<RegisteredName />
								</AffiliationIdentifier>
								<Type>Democratic</Type>
							</Affiliation>
						</Candidate>
						<ValidVotes>24629</ValidVotes>
						<CountMetric Id="PVP" Type="Percent Votes in Party">100.0</CountMetric>
						<CountMetric Id="PVR" Type="Percent Votes in Race">61.0</CountMetric>
					</Selection>
					<Selection>
						<Candidate>
							<CandidateIdentifier Id="396" DisplayOrder="2">
								<CandidateName>Elizabeth&nbsp;Emken</CandidateName>
							</CandidateIdentifier>
							<Affiliation>
								<AffiliationIdentifier Id="Party">
									<RegisteredName />
								</AffiliationIdentifier>
								<Type>Republican</Type>
							</Affiliation>
						</Candidate>
						<ValidVotes>15747</ValidVotes>
						<CountMetric Id="PVP" Type="Percent Votes in Party">100.0</CountMetric>
						<CountMetric Id="PVR" Type="Percent Votes in Race">39.0</CountMetric>
					</Selection>
				</ReportingUnitVotes>
				<ReportingUnitVotes>
					<ReportingUnitIdentifier Id="29">Nevada</ReportingUnitIdentifier>
					<CountMetric Id="PR" Type="Precincts Reporting">140</CountMetric>
					<CountMetric Id="TP" Type="Total Precincts">140</CountMetric>
					<CountMetric Id="RT" Type="ReportType">0</CountMetric>
					<Selection>
						<Candidate>
							<CandidateIdentifier Id="173" DisplayOrder="1">
								<CandidateName>Dianne&nbsp;Feinstein</CandidateName>
							</CandidateIdentifier>
							<Affiliation>
								<AffiliationIdentifier Id="Party">
									<RegisteredName />
								</AffiliationIdentifier>
								<Type>Democratic</Type>
							</Affiliation>
						</Candidate>
						<ValidVotes>640</ValidVotes>
						<CountMetric Id="PVP" Type="Percent Votes in Party">100.0</CountMetric>
						<CountMetric Id="PVR" Type="Percent Votes in Race">39.0</CountMetric>
					</Selection>
					<Selection>
						<Candidate>
							<CandidateIdentifier Id="396" DisplayOrder="2">
								<CandidateName>Elizabeth&nbsp;Emken</CandidateName>
							</CandidateIdentifier>
							<Affiliation>
								<AffiliationIdentifier Id="Party">
									<RegisteredName />
								</AffiliationIdentifier>
								<Type>Republican</Type>
							</Affiliation>
						</Candidate>
						<ValidVotes>1002</ValidVotes>
						<CountMetric Id="PVP" Type="Percent Votes in Party">100.0</CountMetric>
						<CountMetric Id="PVR" Type="Percent Votes in Race">61.0</CountMetric>
					</Selection>
				</ReportingUnitVotes>
				<ReportingUnitVotes>
					<ReportingUnitIdentifier Id="30">Orange</ReportingUnitIdentifier>
					<CountMetric Id="PR" Type="Precincts Reporting">1208</CountMetric>
					<CountMetric Id="TP" Type="Total Precincts">1977</CountMetric>
					<CountMetric Id="RT" Type="ReportType">1</CountMetric>
					<Selection>
						<Candidate>
							<CandidateIdentifier Id="173" DisplayOrder="1">
								<CandidateName>Dianne&nbsp;Feinstein</CandidateName>
							</CandidateIdentifier>
							<Affiliation>
								<AffiliationIdentifier Id="Party">
									<RegisteredName />
								</AffiliationIdentifier>
								<Type>Democratic</Type>
							</Affiliation>
						</Candidate>
						<ValidVotes>439397</ValidVotes>
						<CountMetric Id="PVP" Type="Percent Votes in Party">100.0</CountMetric>
						<CountMetric Id="PVR" Type="Percent Votes in Race">46.0</CountMetric>
					</Selection>
					<Selection>
						<Candidate>
							<CandidateIdentifier Id="396" DisplayOrder="2">
								<CandidateName>Elizabeth&nbsp;Emken</CandidateName>
							</CandidateIdentifier>
							<Affiliation>
								<AffiliationIdentifier Id="Party">
									<RegisteredName />
								</AffiliationIdentifier>
								<Type>Republican</Type>
							</Affiliation>
						</Candidate>
						<ValidVotes>515814</ValidVotes>
						<CountMetric Id="PVP" Type="Percent Votes in Party">100.0</CountMetric>
						<CountMetric Id="PVR" Type="Percent Votes in Race">54.0</CountMetric>
					</Selection>
				</ReportingUnitVotes>
				<ReportingUnitVotes>
					<ReportingUnitIdentifier Id="31">Placer</ReportingUnitIdentifier>
					<CountMetric Id="PR" Type="Precincts Reporting">31</CountMetric>
					<CountMetric Id="TP" Type="Total Precincts">350</CountMetric>
					<CountMetric Id="RT" Type="ReportType">1</CountMetric>
					<Selection>
						<Candidate>
							<CandidateIdentifier Id="173" DisplayOrder="1">
								<CandidateName>Dianne&nbsp;Feinstein</CandidateName>
							</CandidateIdentifier>
							<Affiliation>
								<AffiliationIdentifier Id="Party">
									<RegisteredName />
								</AffiliationIdentifier>
								<Type>Democratic</Type>
							</Affiliation>
						</Candidate>
						<ValidVotes>2716</ValidVotes>
						<CountMetric Id="PVP" Type="Percent Votes in Party">100.0</CountMetric>
						<CountMetric Id="PVR" Type="Percent Votes in Race">16.0</CountMetric>
					</Selection>
					<Selection>
						<Candidate>
							<CandidateIdentifier Id="396" DisplayOrder="2">
								<CandidateName>Elizabeth&nbsp;Emken</CandidateName>
							</CandidateIdentifier>
							<Affiliation>
								<AffiliationIdentifier Id="Party">
									<RegisteredName />
								</AffiliationIdentifier>
								<Type>Republican</Type>
							</Affiliation>
						</Candidate>
						<ValidVotes>14261</ValidVotes>
						<CountMetric Id="PVP" Type="Percent Votes in Party">100.0</CountMetric>
						<CountMetric Id="PVR" Type="Percent Votes in Race">84.0</CountMetric>
					</Selection>
				</ReportingUnitVotes>
				<ReportingUnitVotes>
					<ReportingUnitIdentifier Id="32">Plumas</ReportingUnitIdentifier>
					<CountMetric Id="PR" Type="Precincts Reporting">18</CountMetric>
					<CountMetric Id="TP" Type="Total Precincts">29</CountMetric>
					<CountMetric Id="RT" Type="ReportType">1</CountMetric>
					<Selection>
						<Candidate>
							<CandidateIdentifier Id="173" DisplayOrder="1">
								<CandidateName>Dianne&nbsp;Feinstein</CandidateName>
							</CandidateIdentifier>
							<Affiliation>
								<AffiliationIdentifier Id="Party">
									<RegisteredName />
								</AffiliationIdentifier>
								<Type>Democratic</Type>
							</Affiliation>
						</Candidate>
						<ValidVotes>4626</ValidVotes>
						<CountMetric Id="PVP" Type="Percent Votes in Party">100.0</CountMetric>
						<CountMetric Id="PVR" Type="Percent Votes in Race">61.0</CountMetric>
					</Selection>
					<Selection>
						<Candidate>
							<CandidateIdentifier Id="396" DisplayOrder="2">
								<CandidateName>Elizabeth&nbsp;Emken</CandidateName>
							</CandidateIdentifier>
							<Affiliation>
								<AffiliationIdentifier Id="Party">
									<RegisteredName />
								</AffiliationIdentifier>
								<Type>Republican</Type>
							</Affiliation>
						</Candidate>
						<ValidVotes>2957</ValidVotes>
						<CountMetric Id="PVP" Type="Percent Votes in Party">100.0</CountMetric>
						<CountMetric Id="PVR" Type="Percent Votes in Race">39.0</CountMetric>
					</Selection>
				</ReportingUnitVotes>
				<ReportingUnitVotes>
					<ReportingUnitIdentifier Id="33">Riverside</ReportingUnitIdentifier>
					<CountMetric Id="PR" Type="Precincts Reporting">0</CountMetric>
					<CountMetric Id="TP" Type="Total Precincts">1218</CountMetric>
					<CountMetric Id="RT" Type="ReportType">0</CountMetric>
					<Selection>
						<Candidate>
							<CandidateIdentifier Id="173" DisplayOrder="1">
								<CandidateName>Dianne&nbsp;Feinstein</CandidateName>
							</CandidateIdentifier>
							<Affiliation>
								<AffiliationIdentifier Id="Party">
									<RegisteredName />
								</AffiliationIdentifier>
								<Type>Democratic</Type>
							</Affiliation>
						</Candidate>
						<ValidVotes>0</ValidVotes>
						<CountMetric Id="PVP" Type="Percent Votes in Party">0.0</CountMetric>
						<CountMetric Id="PVR" Type="Percent Votes in Race">0.0</CountMetric>
					</Selection>
					<Selection>
						<Candidate>
							<CandidateIdentifier Id="396" DisplayOrder="2">
								<CandidateName>Elizabeth&nbsp;Emken</CandidateName>
							</CandidateIdentifier>
							<Affiliation>
								<AffiliationIdentifier Id="Party">
									<RegisteredName />
								</AffiliationIdentifier>
								<Type>Republican</Type>
							</Affiliation>
						</Candidate>
						<ValidVotes>0</ValidVotes>
						<CountMetric Id="PVP" Type="Percent Votes in Party">0.0</CountMetric>
						<CountMetric Id="PVR" Type="Percent Votes in Race">0.0</CountMetric>
					</Selection>
				</ReportingUnitVotes>
				<ReportingUnitVotes>
					<ReportingUnitIdentifier Id="34">Sacramento</ReportingUnitIdentifier>
					<CountMetric Id="PR" Type="Precincts Reporting">553</CountMetric>
					<CountMetric Id="TP" Type="Total Precincts">1106</CountMetric>
					<CountMetric Id="RT" Type="ReportType">1</CountMetric>
					<Selection>
						<Candidate>
							<CandidateIdentifier Id="173" DisplayOrder="1">
								<CandidateName>Dianne&nbsp;Feinstein</CandidateName>
							</CandidateIdentifier>
							<Affiliation>
								<AffiliationIdentifier Id="Party">
									<RegisteredName />
								</AffiliationIdentifier>
								<Type>Democratic</Type>
							</Affiliation>
						</Candidate>
						<ValidVotes>163359</ValidVotes>
						<CountMetric Id="PVP" Type="Percent Votes in Party">100.0</CountMetric>
						<CountMetric Id="PVR" Type="Percent Votes in Race">51.0</CountMetric>
					</Selection>
					<Selection>
						<Candidate>
							<CandidateIdentifier Id="396" DisplayOrder="2">
								<CandidateName>Elizabeth&nbsp;Emken</CandidateName>
							</CandidateIdentifier>
							<Affiliation>
								<AffiliationIdentifier Id="Party">
									<RegisteredName />
								</AffiliationIdentifier>
								<Type>Republican</Type>
							</Affiliation>
						</Candidate>
						<ValidVotes>156952</ValidVotes>
						<CountMetric Id="PVP" Type="Percent Votes in Party">100.0</CountMetric>
						<CountMetric Id="PVR" Type="Percent Votes in Race">49.0</CountMetric>
					</Selection>
				</ReportingUnitVotes>
				<ReportingUnitVotes>
					<ReportingUnitIdentifier Id="35">San Benito</ReportingUnitIdentifier>
					<CountMetric Id="PR" Type="Precincts Reporting">22</CountMetric>
					<CountMetric Id="TP" Type="Total Precincts">44</CountMetric>
					<CountMetric Id="RT" Type="ReportType">1</CountMetric>
					<Selection>
						<Candidate>
							<CandidateIdentifier Id="173" DisplayOrder="1">
								<CandidateName>Dianne&nbsp;Feinstein</CandidateName>
							</CandidateIdentifier>
							<Affiliation>
								<AffiliationIdentifier Id="Party">
									<RegisteredName />
								</AffiliationIdentifier>
								<Type>Democratic</Type>
							</Affiliation>
						</Candidate>
						<ValidVotes>482</ValidVotes>
						<CountMetric Id="PVP" Type="Percent Votes in Party">100.0</CountMetric>
						<CountMetric Id="PVR" Type="Percent Votes in Race">4.0</CountMetric>
					</Selection>
					<Selection>
						<Candidate>
							<CandidateIdentifier Id="396" DisplayOrder="2">
								<CandidateName>Elizabeth&nbsp;Emken</CandidateName>
							</CandidateIdentifier>
							<Affiliation>
								<AffiliationIdentifier Id="Party">
									<RegisteredName />
								</AffiliationIdentifier>
								<Type>Republican</Type>
							</Affiliation>
						</Candidate>
						<ValidVotes>11572</ValidVotes>
						<CountMetric Id="PVP" Type="Percent Votes in Party">100.0</CountMetric>
						<CountMetric Id="PVR" Type="Percent Votes in Race">96.0</CountMetric>
					</Selection>
				</ReportingUnitVotes>
				<ReportingUnitVotes>
					<ReportingUnitIdentifier Id="36">San Bernardino</ReportingUnitIdentifier>
					<CountMetric Id="PR" Type="Precincts Reporting">0</CountMetric>
					<CountMetric Id="TP" Type="Total Precincts">1609</CountMetric>
					<CountMetric Id="RT" Type="ReportType">0</CountMetric>
					<Selection>
						<Candidate>
							<CandidateIdentifier Id="173" DisplayOrder="1">
								<CandidateName>Dianne&nbsp;Feinstein</CandidateName>
							</CandidateIdentifier>
							<Affiliation>
								<AffiliationIdentifier Id="Party">
									<RegisteredName />
								</AffiliationIdentifier>
								<Type>Democratic</Type>
							</Affiliation>
						</Candidate>
						<ValidVotes>0</ValidVotes>
						<CountMetric Id="PVP" Type="Percent Votes in Party">0.0</CountMetric>
						<CountMetric Id="PVR" Type="Percent Votes in Race">0.0</CountMetric>
					</Selection>
					<Selection>
						<Candidate>
							<CandidateIdentifier Id="396" DisplayOrder="2">
								<CandidateName>Elizabeth&nbsp;Emken</CandidateName>
							</CandidateIdentifier>
							<Affiliation>
								<AffiliationIdentifier Id="Party">
									<RegisteredName />
								</AffiliationIdentifier>
								<Type>Republican</Type>
							</Affiliation>
						</Candidate>
						<ValidVotes>0</ValidVotes>
						<CountMetric Id="PVP" Type="Percent Votes in Party">0.0</CountMetric>
						<CountMetric Id="PVR" Type="Percent Votes in Race">0.0</CountMetric>
					</Selection>
				</ReportingUnitVotes>
				<ReportingUnitVotes>
					<ReportingUnitIdentifier Id="37">San Diego</ReportingUnitIdentifier>
					<CountMetric Id="PR" Type="Precincts Reporting">0</CountMetric>
					<CountMetric Id="TP" Type="Total Precincts">2064</CountMetric>
					<CountMetric Id="RT" Type="ReportType">0</CountMetric>
					<Selection>
						<Candidate>
							<CandidateIdentifier Id="173" DisplayOrder="1">
								<CandidateName>Dianne&nbsp;Feinstein</CandidateName>
							</CandidateIdentifier>
							<Affiliation>
								<AffiliationIdentifier Id="Party">
									<RegisteredName />
								</AffiliationIdentifier>
								<Type>Democratic</Type>
							</Affiliation>
						</Candidate>
						<ValidVotes>0</ValidVotes>
						<CountMetric Id="PVP" Type="Percent Votes in Party">0.0</CountMetric>
						<CountMetric Id="PVR" Type="Percent Votes in Race">0.0</CountMetric>
					</Selection>
					<Selection>
						<Candidate>
							<CandidateIdentifier Id="396" DisplayOrder="2">
								<CandidateName>Elizabeth&nbsp;Emken</CandidateName>
							</CandidateIdentifier>
							<Affiliation>
								<AffiliationIdentifier Id="Party">
									<RegisteredName />
								</AffiliationIdentifier>
								<Type>Republican</Type>
							</Affiliation>
						</Candidate>
						<ValidVotes>0</ValidVotes>
						<CountMetric Id="PVP" Type="Percent Votes in Party">0.0</CountMetric>
						<CountMetric Id="PVR" Type="Percent Votes in Race">0.0</CountMetric>
					</Selection>
				</ReportingUnitVotes>
				<ReportingUnitVotes>
					<ReportingUnitIdentifier Id="38">San Francisco</ReportingUnitIdentifier>
					<CountMetric Id="PR" Type="Precincts Reporting">0</CountMetric>
					<CountMetric Id="TP" Type="Total Precincts">597</CountMetric>
					<CountMetric Id="RT" Type="ReportType">0</CountMetric>
					<Selection>
						<Candidate>
							<CandidateIdentifier Id="173" DisplayOrder="1">
								<CandidateName>Dianne&nbsp;Feinstein</CandidateName>
							</CandidateIdentifier>
							<Affiliation>
								<AffiliationIdentifier Id="Party">
									<RegisteredName />
								</AffiliationIdentifier>
								<Type>Democratic</Type>
							</Affiliation>
						</Candidate>
						<ValidVotes>0</ValidVotes>
						<CountMetric Id="PVP" Type="Percent Votes in Party">0.0</CountMetric>
						<CountMetric Id="PVR" Type="Percent Votes in Race">0.0</CountMetric>
					</Selection>
					<Selection>
						<Candidate>
							<CandidateIdentifier Id="396" DisplayOrder="2">
								<CandidateName>Elizabeth&nbsp;Emken</CandidateName>
							</CandidateIdentifier>
							<Affiliation>
								<AffiliationIdentifier Id="Party">
									<RegisteredName />
								</AffiliationIdentifier>
								<Type>Republican</Type>
							</Affiliation>
						</Candidate>
						<ValidVotes>0</ValidVotes>
						<CountMetric Id="PVP" Type="Percent Votes in Party">0.0</CountMetric>
						<CountMetric Id="PVR" Type="Percent Votes in Race">0.0</CountMetric>
					</Selection>
				</ReportingUnitVotes>
				<ReportingUnitVotes>
					<ReportingUnitIdentifier Id="39">San Joaquin</ReportingUnitIdentifier>
					<CountMetric Id="PR" Type="Precincts Reporting">260</CountMetric>
					<CountMetric Id="TP" Type="Total Precincts">430</CountMetric>
					<CountMetric Id="RT" Type="ReportType">1</CountMetric>
					<Selection>
						<Candidate>
							<CandidateIdentifier Id="173" DisplayOrder="1">
								<CandidateName>Dianne&nbsp;Feinstein</CandidateName>
							</CandidateIdentifier>
							<Affiliation>
								<AffiliationIdentifier Id="Party">
									<RegisteredName />
								</AffiliationIdentifier>
								<Type>Democratic</Type>
							</Affiliation>
						</Candidate>
						<ValidVotes>88340</ValidVotes>
						<CountMetric Id="PVP" Type="Percent Votes in Party">100.0</CountMetric>
						<CountMetric Id="PVR" Type="Percent Votes in Race">55.0</CountMetric>
					</Selection>
					<Selection>
						<Candidate>
							<CandidateIdentifier Id="396" DisplayOrder="2">
								<CandidateName>Elizabeth&nbsp;Emken</CandidateName>
							</CandidateIdentifier>
							<Affiliation>
								<AffiliationIdentifier Id="Party">
									<RegisteredName />
								</AffiliationIdentifier>
								<Type>Republican</Type>
							</Affiliation>
						</Candidate>
						<ValidVotes>72278</ValidVotes>
						<CountMetric Id="PVP" Type="Percent Votes in Party">100.0</CountMetric>
						<CountMetric Id="PVR" Type="Percent Votes in Race">45.0</CountMetric>
					</Selection>
				</ReportingUnitVotes>
				<ReportingUnitVotes>
					<ReportingUnitIdentifier Id="40">San Luis Obispo</ReportingUnitIdentifier>
					<CountMetric Id="PR" Type="Precincts Reporting">147</CountMetric>
					<CountMetric Id="TP" Type="Total Precincts">147</CountMetric>
					<CountMetric Id="RT" Type="ReportType">3</CountMetric>
					<Selection>
						<Candidate>
							<CandidateIdentifier Id="173" DisplayOrder="1">
								<CandidateName>Dianne&nbsp;Feinstein</CandidateName>
							</CandidateIdentifier>
							<Affiliation>
								<AffiliationIdentifier Id="Party">
									<RegisteredName />
								</AffiliationIdentifier>
								<Type>Democratic</Type>
							</Affiliation>
						</Candidate>
						<ValidVotes>29</ValidVotes>
						<CountMetric Id="PVP" Type="Percent Votes in Party">100.0</CountMetric>
						<CountMetric Id="PVR" Type="Percent Votes in Race">28.2</CountMetric>
					</Selection>
					<Selection>
						<Candidate>
							<CandidateIdentifier Id="396" DisplayOrder="2">
								<CandidateName>Elizabeth&nbsp;Emken</CandidateName>
							</CandidateIdentifier>
							<Affiliation>
								<AffiliationIdentifier Id="Party">
									<RegisteredName />
								</AffiliationIdentifier>
								<Type>Republican</Type>
							</Affiliation>
						</Candidate>
						<ValidVotes>74</ValidVotes>
						<CountMetric Id="PVP" Type="Percent Votes in Party">100.0</CountMetric>
						<CountMetric Id="PVR" Type="Percent Votes in Race">71.8</CountMetric>
					</Selection>
				</ReportingUnitVotes>
				<ReportingUnitVotes>
					<ReportingUnitIdentifier Id="41">San Mateo</ReportingUnitIdentifier>
					<CountMetric Id="PR" Type="Precincts Reporting">283</CountMetric>
					<CountMetric Id="TP" Type="Total Precincts">468</CountMetric>
					<CountMetric Id="RT" Type="ReportType">1</CountMetric>
					<Selection>
						<Candidate>
							<CandidateIdentifier Id="173" DisplayOrder="1">
								<CandidateName>Dianne&nbsp;Feinstein</CandidateName>
							</CandidateIdentifier>
							<Affiliation>
								<AffiliationIdentifier Id="Party">
									<RegisteredName />
								</AffiliationIdentifier>
								<Type>Democratic</Type>
							</Affiliation>
						</Candidate>
						<ValidVotes>177914</ValidVotes>
						<CountMetric Id="PVP" Type="Percent Votes in Party">100.0</CountMetric>
						<CountMetric Id="PVR" Type="Percent Votes in Race">89.0</CountMetric>
					</Selection>
					<Selection>
						<Candidate>
							<CandidateIdentifier Id="396" DisplayOrder="2">
								<CandidateName>Elizabeth&nbsp;Emken</CandidateName>
							</CandidateIdentifier>
							<Affiliation>
								<AffiliationIdentifier Id="Party">
									<RegisteredName />
								</AffiliationIdentifier>
								<Type>Republican</Type>
							</Affiliation>
						</Candidate>
						<ValidVotes>21989</ValidVotes>
						<CountMetric Id="PVP" Type="Percent Votes in Party">100.0</CountMetric>
						<CountMetric Id="PVR" Type="Percent Votes in Race">11.0</CountMetric>
					</Selection>
				</ReportingUnitVotes>
				<ReportingUnitVotes>
					<ReportingUnitIdentifier Id="42">Santa Barbara</ReportingUnitIdentifier>
					<CountMetric Id="PR" Type="Precincts Reporting">257</CountMetric>
					<CountMetric Id="TP" Type="Total Precincts">257</CountMetric>
					<CountMetric Id="RT" Type="ReportType">3</CountMetric>
					<Selection>
						<Candidate>
							<CandidateIdentifier Id="173" DisplayOrder="1">
								<CandidateName>Dianne&nbsp;Feinstein</CandidateName>
							</CandidateIdentifier>
							<Affiliation>
								<AffiliationIdentifier Id="Party">
									<RegisteredName />
								</AffiliationIdentifier>
								<Type>Democratic</Type>
							</Affiliation>
						</Candidate>
						<ValidVotes>11</ValidVotes>
						<CountMetric Id="PVP" Type="Percent Votes in Party">100.0</CountMetric>
						<CountMetric Id="PVR" Type="Percent Votes in Race">37.9</CountMetric>
					</Selection>
					<Selection>
						<Candidate>
							<CandidateIdentifier Id="396" DisplayOrder="2">
								<CandidateName>Elizabeth&nbsp;Emken</CandidateName>
							</CandidateIdentifier>
							<Affiliation>
								<AffiliationIdentifier Id="Party">
									<RegisteredName />
								</AffiliationIdentifier>
								<Type>Republican</Type>
							</Affiliation>
						</Candidate>
						<ValidVotes>18</ValidVotes>
						<CountMetric Id="PVP" Type="Percent Votes in Party">100.0</CountMetric>
						<CountMetric Id="PVR" Type="Percent Votes in Race">62.1</CountMetric>
					</Selection>
				</ReportingUnitVotes>
				<ReportingUnitVotes>
					<ReportingUnitIdentifier Id="43">Santa Clara</ReportingUnitIdentifier>
					<CountMetric Id="PR" Type="Precincts Reporting">150</CountMetric>
					<CountMetric Id="TP" Type="Total Precincts">1000</CountMetric>
					<CountMetric Id="RT" Type="ReportType">1</CountMetric>
					<Selection>
						<Candidate>
							<CandidateIdentifier Id="173" DisplayOrder="1">
								<CandidateName>Dianne&nbsp;Feinstein</CandidateName>
							</CandidateIdentifier>
							<Affiliation>
								<AffiliationIdentifier Id="Party">
									<RegisteredName />
								</AffiliationIdentifier>
								<Type>Democratic</Type>
							</Affiliation>
						</Candidate>
						<ValidVotes>29999</ValidVotes>
						<CountMetric Id="PVP" Type="Percent Votes in Party">100.0</CountMetric>
						<CountMetric Id="PVR" Type="Percent Votes in Race">27.0</CountMetric>
					</Selection>
					<Selection>
						<Candidate>
							<CandidateIdentifier Id="396" DisplayOrder="2">
								<CandidateName>Elizabeth&nbsp;Emken</CandidateName>
							</CandidateIdentifier>
							<Affiliation>
								<AffiliationIdentifier Id="Party">
									<RegisteredName />
								</AffiliationIdentifier>
								<Type>Republican</Type>
							</Affiliation>
						</Candidate>
						<ValidVotes>81108</ValidVotes>
						<CountMetric Id="PVP" Type="Percent Votes in Party">100.0</CountMetric>
						<CountMetric Id="PVR" Type="Percent Votes in Race">73.0</CountMetric>
					</Selection>
				</ReportingUnitVotes>
				<ReportingUnitVotes>
					<ReportingUnitIdentifier Id="44">Santa Cruz</ReportingUnitIdentifier>
					<CountMetric Id="PR" Type="Precincts Reporting">38</CountMetric>
					<CountMetric Id="TP" Type="Total Precincts">253</CountMetric>
					<CountMetric Id="RT" Type="ReportType">1</CountMetric>
					<Selection>
						<Candidate>
							<CandidateIdentifier Id="173" DisplayOrder="1">
								<CandidateName>Dianne&nbsp;Feinstein</CandidateName>
							</CandidateIdentifier>
							<Affiliation>
								<AffiliationIdentifier Id="Party">
									<RegisteredName />
								</AffiliationIdentifier>
								<Type>Democratic</Type>
							</Affiliation>
						</Candidate>
						<ValidVotes>13905</ValidVotes>
						<CountMetric Id="PVP" Type="Percent Votes in Party">100.0</CountMetric>
						<CountMetric Id="PVR" Type="Percent Votes in Race">65.0</CountMetric>
					</Selection>
					<Selection>
						<Candidate>
							<CandidateIdentifier Id="396" DisplayOrder="2">
								<CandidateName>Elizabeth&nbsp;Emken</CandidateName>
							</CandidateIdentifier>
							<Affiliation>
								<AffiliationIdentifier Id="Party">
									<RegisteredName />
								</AffiliationIdentifier>
								<Type>Republican</Type>
							</Affiliation>
						</Candidate>
						<ValidVotes>7487</ValidVotes>
						<CountMetric Id="PVP" Type="Percent Votes in Party">100.0</CountMetric>
						<CountMetric Id="PVR" Type="Percent Votes in Race">35.0</CountMetric>
					</Selection>
				</ReportingUnitVotes>
				<ReportingUnitVotes>
					<ReportingUnitIdentifier Id="45">Shasta</ReportingUnitIdentifier>
					<CountMetric Id="PR" Type="Precincts Reporting">86</CountMetric>
					<CountMetric Id="TP" Type="Total Precincts">142</CountMetric>
					<CountMetric Id="RT" Type="ReportType">1</CountMetric>
					<Selection>
						<Candidate>
							<CandidateIdentifier Id="173" DisplayOrder="1">
								<CandidateName>Dianne&nbsp;Feinstein</CandidateName>
							</CandidateIdentifier>
							<Affiliation>
								<AffiliationIdentifier Id="Party">
									<RegisteredName />
								</AffiliationIdentifier>
								<Type>Democratic</Type>
							</Affiliation>
						</Candidate>
						<ValidVotes>50154</ValidVotes>
						<CountMetric Id="PVP" Type="Percent Votes in Party">100.0</CountMetric>
						<CountMetric Id="PVR" Type="Percent Votes in Race">89.0</CountMetric>
					</Selection>
					<Selection>
						<Candidate>
							<CandidateIdentifier Id="396" DisplayOrder="2">
								<CandidateName>Elizabeth&nbsp;Emken</CandidateName>
							</CandidateIdentifier>
							<Affiliation>
								<AffiliationIdentifier Id="Party">
									<RegisteredName />
								</AffiliationIdentifier>
								<Type>Republican</Type>
							</Affiliation>
						</Candidate>
						<ValidVotes>6199</ValidVotes>
						<CountMetric Id="PVP" Type="Percent Votes in Party">100.0</CountMetric>
						<CountMetric Id="PVR" Type="Percent Votes in Race">11.0</CountMetric>
					</Selection>
				</ReportingUnitVotes>
				<ReportingUnitVotes>
					<ReportingUnitIdentifier Id="46">Sierra</ReportingUnitIdentifier>
					<CountMetric Id="PR" Type="Precincts Reporting">13</CountMetric>
					<CountMetric Id="TP" Type="Total Precincts">22</CountMetric>
					<CountMetric Id="RT" Type="ReportType">1</CountMetric>
					<Selection>
						<Candidate>
							<CandidateIdentifier Id="173" DisplayOrder="1">
								<CandidateName>Dianne&nbsp;Feinstein</CandidateName>
							</CandidateIdentifier>
							<Affiliation>
								<AffiliationIdentifier Id="Party">
									<RegisteredName />
								</AffiliationIdentifier>
								<Type>Democratic</Type>
							</Affiliation>
						</Candidate>
						<ValidVotes>1178</ValidVotes>
						<CountMetric Id="PVP" Type="Percent Votes in Party">100.0</CountMetric>
						<CountMetric Id="PVR" Type="Percent Votes in Race">89.0</CountMetric>
					</Selection>
					<Selection>
						<Candidate>
							<CandidateIdentifier Id="396" DisplayOrder="2">
								<CandidateName>Elizabeth&nbsp;Emken</CandidateName>
							</CandidateIdentifier>
							<Affiliation>
								<AffiliationIdentifier Id="Party">
									<RegisteredName />
								</AffiliationIdentifier>
								<Type>Republican</Type>
							</Affiliation>
						</Candidate>
						<ValidVotes>146</ValidVotes>
						<CountMetric Id="PVP" Type="Percent Votes in Party">100.0</CountMetric>
						<CountMetric Id="PVR" Type="Percent Votes in Race">11.0</CountMetric>
					</Selection>
				</ReportingUnitVotes>
				<ReportingUnitVotes>
					<ReportingUnitIdentifier Id="47">Siskiyou</ReportingUnitIdentifier>
					<CountMetric Id="PR" Type="Precincts Reporting">9</CountMetric>
					<CountMetric Id="TP" Type="Total Precincts">60</CountMetric>
					<CountMetric Id="RT" Type="ReportType">1</CountMetric>
					<Selection>
						<Candidate>
							<CandidateIdentifier Id="173" DisplayOrder="1">
								<CandidateName>Dianne&nbsp;Feinstein</CandidateName>
							</CandidateIdentifier>
							<Affiliation>
								<AffiliationIdentifier Id="Party">
									<RegisteredName />
								</AffiliationIdentifier>
								<Type>Democratic</Type>
							</Affiliation>
						</Candidate>
						<ValidVotes>2680</ValidVotes>
						<CountMetric Id="PVP" Type="Percent Votes in Party">100.0</CountMetric>
						<CountMetric Id="PVR" Type="Percent Votes in Race">73.0</CountMetric>
					</Selection>
					<Selection>
						<Candidate>
							<CandidateIdentifier Id="396" DisplayOrder="2">
								<CandidateName>Elizabeth&nbsp;Emken</CandidateName>
							</CandidateIdentifier>
							<Affiliation>
								<AffiliationIdentifier Id="Party">
									<RegisteredName />
								</AffiliationIdentifier>
								<Type>Republican</Type>
							</Affiliation>
						</Candidate>
						<ValidVotes>991</ValidVotes>
						<CountMetric Id="PVP" Type="Percent Votes in Party">100.0</CountMetric>
						<CountMetric Id="PVR" Type="Percent Votes in Race">27.0</CountMetric>
					</Selection>
				</ReportingUnitVotes>
				<ReportingUnitVotes>
					<ReportingUnitIdentifier Id="48">Solano</ReportingUnitIdentifier>
					<CountMetric Id="PR" Type="Precincts Reporting">199</CountMetric>
					<CountMetric Id="TP" Type="Total Precincts">199</CountMetric>
					<CountMetric Id="RT" Type="ReportType">2</CountMetric>
					<Selection>
						<Candidate>
							<CandidateIdentifier Id="173" DisplayOrder="1">
								<CandidateName>Dianne&nbsp;Feinstein</CandidateName>
							</CandidateIdentifier>
							<Affiliation>
								<AffiliationIdentifier Id="Party">
									<RegisteredName />
								</AffiliationIdentifier>
								<Type>Democratic</Type>
							</Affiliation>
						</Candidate>
						<ValidVotes>1794</ValidVotes>
						<CountMetric Id="PVP" Type="Percent Votes in Party">100.0</CountMetric>
						<CountMetric Id="PVR" Type="Percent Votes in Race">47.7</CountMetric>
					</Selection>
					<Selection>
						<Candidate>
							<CandidateIdentifier Id="396" DisplayOrder="2">
								<CandidateName>Elizabeth&nbsp;Emken</CandidateName>
							</CandidateIdentifier>
							<Affiliation>
								<AffiliationIdentifier Id="Party">
									<RegisteredName />
								</AffiliationIdentifier>
								<Type>Republican</Type>
							</Affiliation>
						</Candidate>
						<ValidVotes>1966</ValidVotes>
						<CountMetric Id="PVP" Type="Percent Votes in Party">100.0</CountMetric>
						<CountMetric Id="PVR" Type="Percent Votes in Race">52.3</CountMetric>
					</Selection>
				</ReportingUnitVotes>
				<ReportingUnitVotes>
					<ReportingUnitIdentifier Id="49">Sonoma</ReportingUnitIdentifier>
					<CountMetric Id="PR" Type="Precincts Reporting">262</CountMetric>
					<CountMetric Id="TP" Type="Total Precincts">433</CountMetric>
					<CountMetric Id="RT" Type="ReportType">1</CountMetric>
					<Selection>
						<Candidate>
							<CandidateIdentifier Id="173" DisplayOrder="1">
								<CandidateName>Dianne&nbsp;Feinstein</CandidateName>
							</CandidateIdentifier>
							<Affiliation>
								<AffiliationIdentifier Id="Party">
									<RegisteredName />
								</AffiliationIdentifier>
								<Type>Democratic</Type>
							</Affiliation>
						</Candidate>
						<ValidVotes>80922</ValidVotes>
						<CountMetric Id="PVP" Type="Percent Votes in Party">100.0</CountMetric>
						<CountMetric Id="PVR" Type="Percent Votes in Race">55.0</CountMetric>
					</Selection>
					<Selection>
						<Candidate>
							<CandidateIdentifier Id="396" DisplayOrder="2">
								<CandidateName>Elizabeth&nbsp;Emken</CandidateName>
							</CandidateIdentifier>
							<Affiliation>
								<AffiliationIdentifier Id="Party">
									<RegisteredName />
								</AffiliationIdentifier>
								<Type>Republican</Type>
							</Affiliation>
						</Candidate>
						<ValidVotes>66209</ValidVotes>
						<CountMetric Id="PVP" Type="Percent Votes in Party">100.0</CountMetric>
						<CountMetric Id="PVR" Type="Percent Votes in Race">45.0</CountMetric>
					</Selection>
				</ReportingUnitVotes>
				<ReportingUnitVotes>
					<ReportingUnitIdentifier Id="50">Stanislaus</ReportingUnitIdentifier>
					<CountMetric Id="PR" Type="Precincts Reporting">388</CountMetric>
					<CountMetric Id="TP" Type="Total Precincts">388</CountMetric>
					<CountMetric Id="RT" Type="ReportType">2</CountMetric>
					<Selection>
						<Candidate>
							<CandidateIdentifier Id="173" DisplayOrder="1">
								<CandidateName>Dianne&nbsp;Feinstein</CandidateName>
							</CandidateIdentifier>
							<Affiliation>
								<AffiliationIdentifier Id="Party">
									<RegisteredName />
								</AffiliationIdentifier>
								<Type>Democratic</Type>
							</Affiliation>
						</Candidate>
						<ValidVotes>608</ValidVotes>
						<CountMetric Id="PVP" Type="Percent Votes in Party">100.0</CountMetric>
						<CountMetric Id="PVR" Type="Percent Votes in Race">52.2</CountMetric>
					</Selection>
					<Selection>
						<Candidate>
							<CandidateIdentifier Id="396" DisplayOrder="2">
								<CandidateName>Elizabeth&nbsp;Emken</CandidateName>
							</CandidateIdentifier>
							<Affiliation>
								<AffiliationIdentifier Id="Party">
									<RegisteredName />
								</AffiliationIdentifier>
								<Type>Republican</Type>
							</Affiliation>
						</Candidate>
						<ValidVotes>556</ValidVotes>
						<CountMetric Id="PVP" Type="Percent Votes in Party">100.0</CountMetric>
						<CountMetric Id="PVR" Type="Percent Votes in Race">47.8</CountMetric>
					</Selection>
				</ReportingUnitVotes>
				<ReportingUnitVotes>
					<ReportingUnitIdentifier Id="51">Sutter</ReportingUnitIdentifier>
					<CountMetric Id="PR" Type="Precincts Reporting">35</CountMetric>
					<CountMetric Id="TP" Type="Total Precincts">57</CountMetric>
					<CountMetric Id="RT" Type="ReportType">1</CountMetric>
					<Selection>
						<Candidate>
							<CandidateIdentifier Id="173" DisplayOrder="1">
								<CandidateName>Dianne&nbsp;Feinstein</CandidateName>
							</CandidateIdentifier>
							<Affiliation>
								<AffiliationIdentifier Id="Party">
									<RegisteredName />
								</AffiliationIdentifier>
								<Type>Democratic</Type>
							</Affiliation>
						</Candidate>
						<ValidVotes>19050</ValidVotes>
						<CountMetric Id="PVP" Type="Percent Votes in Party">100.0</CountMetric>
						<CountMetric Id="PVR" Type="Percent Votes in Race">81.0</CountMetric>
					</Selection>
					<Selection>
						<Candidate>
							<CandidateIdentifier Id="396" DisplayOrder="2">
								<CandidateName>Elizabeth&nbsp;Emken</CandidateName>
							</CandidateIdentifier>
							<Affiliation>
								<AffiliationIdentifier Id="Party">
									<RegisteredName />
								</AffiliationIdentifier>
								<Type>Republican</Type>
							</Affiliation>
						</Candidate>
						<ValidVotes>4468</ValidVotes>
						<CountMetric Id="PVP" Type="Percent Votes in Party">100.0</CountMetric>
						<CountMetric Id="PVR" Type="Percent Votes in Race">19.0</CountMetric>
					</Selection>
				</ReportingUnitVotes>
				<ReportingUnitVotes>
					<ReportingUnitIdentifier Id="52">Tehama</ReportingUnitIdentifier>
					<CountMetric Id="PR" Type="Precincts Reporting">46</CountMetric>
					<CountMetric Id="TP" Type="Total Precincts">46</CountMetric>
					<CountMetric Id="RT" Type="ReportType">2</CountMetric>
					<Selection>
						<Candidate>
							<CandidateIdentifier Id="173" DisplayOrder="1">
								<CandidateName>Dianne&nbsp;Feinstein</CandidateName>
							</CandidateIdentifier>
							<Affiliation>
								<AffiliationIdentifier Id="Party">
									<RegisteredName />
								</AffiliationIdentifier>
								<Type>Democratic</Type>
							</Affiliation>
						</Candidate>
						<ValidVotes>12536</ValidVotes>
						<CountMetric Id="PVP" Type="Percent Votes in Party">100.0</CountMetric>
						<CountMetric Id="PVR" Type="Percent Votes in Race">43.0</CountMetric>
					</Selection>
					<Selection>
						<Candidate>
							<CandidateIdentifier Id="396" DisplayOrder="2">
								<CandidateName>Elizabeth&nbsp;Emken</CandidateName>
							</CandidateIdentifier>
							<Affiliation>
								<AffiliationIdentifier Id="Party">
									<RegisteredName />
								</AffiliationIdentifier>
								<Type>Republican</Type>
							</Affiliation>
						</Candidate>
						<ValidVotes>16618</ValidVotes>
						<CountMetric Id="PVP" Type="Percent Votes in Party">100.0</CountMetric>
						<CountMetric Id="PVR" Type="Percent Votes in Race">57.0</CountMetric>
					</Selection>
				</ReportingUnitVotes>
				<ReportingUnitVotes>
					<ReportingUnitIdentifier Id="53">Trinity</ReportingUnitIdentifier>
					<CountMetric Id="PR" Type="Precincts Reporting">15</CountMetric>
					<CountMetric Id="TP" Type="Total Precincts">25</CountMetric>
					<CountMetric Id="RT" Type="ReportType">1</CountMetric>
					<Selection>
						<Candidate>
							<CandidateIdentifier Id="173" DisplayOrder="1">
								<CandidateName>Dianne&nbsp;Feinstein</CandidateName>
							</CandidateIdentifier>
							<Affiliation>
								<AffiliationIdentifier Id="Party">
									<RegisteredName />
								</AffiliationIdentifier>
								<Type>Democratic</Type>
							</Affiliation>
						</Candidate>
						<ValidVotes>3800</ValidVotes>
						<CountMetric Id="PVP" Type="Percent Votes in Party">100.0</CountMetric>
						<CountMetric Id="PVR" Type="Percent Votes in Race">81.0</CountMetric>
					</Selection>
					<Selection>
						<Candidate>
							<CandidateIdentifier Id="396" DisplayOrder="2">
								<CandidateName>Elizabeth&nbsp;Emken</CandidateName>
							</CandidateIdentifier>
							<Affiliation>
								<AffiliationIdentifier Id="Party">
									<RegisteredName />
								</AffiliationIdentifier>
								<Type>Republican</Type>
							</Affiliation>
						</Candidate>
						<ValidVotes>891</ValidVotes>
						<CountMetric Id="PVP" Type="Percent Votes in Party">100.0</CountMetric>
						<CountMetric Id="PVR" Type="Percent Votes in Race">19.0</CountMetric>
					</Selection>
				</ReportingUnitVotes>
				<ReportingUnitVotes>
					<ReportingUnitIdentifier Id="54">Tulare</ReportingUnitIdentifier>
					<CountMetric Id="PR" Type="Precincts Reporting">263</CountMetric>
					<CountMetric Id="TP" Type="Total Precincts">263</CountMetric>
					<CountMetric Id="RT" Type="ReportType">2</CountMetric>
					<Selection>
						<Candidate>
							<CandidateIdentifier Id="173" DisplayOrder="1">
								<CandidateName>Dianne&nbsp;Feinstein</CandidateName>
							</CandidateIdentifier>
							<Affiliation>
								<AffiliationIdentifier Id="Party">
									<RegisteredName />
								</AffiliationIdentifier>
								<Type>Democratic</Type>
							</Affiliation>
						</Candidate>
						<ValidVotes>129103</ValidVotes>
						<CountMetric Id="PVP" Type="Percent Votes in Party">100.0</CountMetric>
						<CountMetric Id="PVR" Type="Percent Votes in Race">96.0</CountMetric>
					</Selection>
					<Selection>
						<Candidate>
							<CandidateIdentifier Id="396" DisplayOrder="2">
								<CandidateName>Elizabeth&nbsp;Emken</CandidateName>
							</CandidateIdentifier>
							<Affiliation>
								<AffiliationIdentifier Id="Party">
									<RegisteredName />
								</AffiliationIdentifier>
								<Type>Republican</Type>
							</Affiliation>
						</Candidate>
						<ValidVotes>5379</ValidVotes>
						<CountMetric Id="PVP" Type="Percent Votes in Party">100.0</CountMetric>
						<CountMetric Id="PVR" Type="Percent Votes in Race">4.0</CountMetric>
					</Selection>
				</ReportingUnitVotes>
				<ReportingUnitVotes>
					<ReportingUnitIdentifier Id="55">Tuolumne</ReportingUnitIdentifier>
					<CountMetric Id="PR" Type="Precincts Reporting">40</CountMetric>
					<CountMetric Id="TP" Type="Total Precincts">73</CountMetric>
					<CountMetric Id="RT" Type="ReportType">1</CountMetric>
					<Selection>
						<Candidate>
							<CandidateIdentifier Id="173" DisplayOrder="1">
								<CandidateName>Dianne&nbsp;Feinstein</CandidateName>
							</CandidateIdentifier>
							<Affiliation>
								<AffiliationIdentifier Id="Party">
									<RegisteredName />
								</AffiliationIdentifier>
								<Type>Democratic</Type>
							</Affiliation>
						</Candidate>
						<ValidVotes>6420</ValidVotes>
						<CountMetric Id="PVP" Type="Percent Votes in Party">100.0</CountMetric>
						<CountMetric Id="PVR" Type="Percent Votes in Race">39.0</CountMetric>
					</Selection>
					<Selection>
						<Candidate>
							<CandidateIdentifier Id="396" DisplayOrder="2">
								<CandidateName>Elizabeth&nbsp;Emken</CandidateName>
							</CandidateIdentifier>
							<Affiliation>
								<AffiliationIdentifier Id="Party">
									<RegisteredName />
								</AffiliationIdentifier>
								<Type>Republican</Type>
							</Affiliation>
						</Candidate>
						<ValidVotes>10041</ValidVotes>
						<CountMetric Id="PVP" Type="Percent Votes in Party">100.0</CountMetric>
						<CountMetric Id="PVR" Type="Percent Votes in Race">61.0</CountMetric>
					</Selection>
				</ReportingUnitVotes>
				<ReportingUnitVotes>
					<ReportingUnitIdentifier Id="56">Ventura</ReportingUnitIdentifier>
					<CountMetric Id="PR" Type="Precincts Reporting">630</CountMetric>
					<CountMetric Id="TP" Type="Total Precincts">630</CountMetric>
					<CountMetric Id="RT" Type="ReportType">2</CountMetric>
					<Selection>
						<Candidate>
							<CandidateIdentifier Id="173" DisplayOrder="1">
								<CandidateName>Dianne&nbsp;Feinstein</CandidateName>
							</CandidateIdentifier>
							<Affiliation>
								<AffiliationIdentifier Id="Party">
									<RegisteredName />
								</AffiliationIdentifier>
								<Type>Democratic</Type>
							</Affiliation>
						</Candidate>
						<ValidVotes>83034</ValidVotes>
						<CountMetric Id="PVP" Type="Percent Votes in Party">100.0</CountMetric>
						<CountMetric Id="PVR" Type="Percent Votes in Race">21.0</CountMetric>
					</Selection>
					<Selection>
						<Candidate>
							<CandidateIdentifier Id="396" DisplayOrder="2">
								<CandidateName>Elizabeth&nbsp;Emken</CandidateName>
							</CandidateIdentifier>
							<Affiliation>
								<AffiliationIdentifier Id="Party">
									<RegisteredName />
								</AffiliationIdentifier>
								<Type>Republican</Type>
							</Affiliation>
						</Candidate>
						<ValidVotes>312366</ValidVotes>
						<CountMetric Id="PVP" Type="Percent Votes in Party">100.0</CountMetric>
						<CountMetric Id="PVR" Type="Percent Votes in Race">79.0</CountMetric>
					</Selection>
				</ReportingUnitVotes>
				<ReportingUnitVotes>
					<ReportingUnitIdentifier Id="57">Yolo</ReportingUnitIdentifier>
					<CountMetric Id="PR" Type="Precincts Reporting">64</CountMetric>
					<CountMetric Id="TP" Type="Total Precincts">117</CountMetric>
					<CountMetric Id="RT" Type="ReportType">1</CountMetric>
					<Selection>
						<Candidate>
							<CandidateIdentifier Id="173" DisplayOrder="1">
								<CandidateName>Dianne&nbsp;Feinstein</CandidateName>
							</CandidateIdentifier>
							<Affiliation>
								<AffiliationIdentifier Id="Party">
									<RegisteredName />
								</AffiliationIdentifier>
								<Type>Democratic</Type>
							</Affiliation>
						</Candidate>
						<ValidVotes>6316</ValidVotes>
						<CountMetric Id="PVP" Type="Percent Votes in Party">100.0</CountMetric>
						<CountMetric Id="PVR" Type="Percent Votes in Race">13.0</CountMetric>
					</Selection>
					<Selection>
						<Candidate>
							<CandidateIdentifier Id="396" DisplayOrder="2">
								<CandidateName>Elizabeth&nbsp;Emken</CandidateName>
							</CandidateIdentifier>
							<Affiliation>
								<AffiliationIdentifier Id="Party">
									<RegisteredName />
								</AffiliationIdentifier>
								<Type>Republican</Type>
							</Affiliation>
						</Candidate>
						<ValidVotes>42272</ValidVotes>
						<CountMetric Id="PVP" Type="Percent Votes in Party">100.0</CountMetric>
						<CountMetric Id="PVR" Type="Percent Votes in Race">87.0</CountMetric>
					</Selection>
				</ReportingUnitVotes>
				<ReportingUnitVotes>
					<ReportingUnitIdentifier Id="58">Yuba</ReportingUnitIdentifier>
					<CountMetric Id="PR" Type="Precincts Reporting">7</CountMetric>
					<CountMetric Id="TP" Type="Total Precincts">46</CountMetric>
					<CountMetric Id="RT" Type="ReportType">1</CountMetric>
					<Selection>
						<Candidate>
							<CandidateIdentifier Id="173" DisplayOrder="1">
								<CandidateName>Dianne&nbsp;Feinstein</CandidateName>
							</CandidateIdentifier>
							<Affiliation>
								<AffiliationIdentifier Id="Party">
									<RegisteredName />
								</AffiliationIdentifier>
								<Type>Democratic</Type>
							</Affiliation>
						</Candidate>
						<ValidVotes>87</ValidVotes>
						<CountMetric Id="PVP" Type="Percent Votes in Party">100.0</CountMetric>
						<CountMetric Id="PVR" Type="Percent Votes in Race">2.0</CountMetric>
					</Selection>
					<Selection>
						<Candidate>
							<CandidateIdentifier Id="396" DisplayOrder="2">
								<CandidateName>Elizabeth&nbsp;Emken</CandidateName>
							</CandidateIdentifier>
							<Affiliation>
								<AffiliationIdentifier Id="Party">
									<RegisteredName />
								</AffiliationIdentifier>
								<Type>Republican</Type>
							</Affiliation>
						</Candidate>
						<ValidVotes>4265</ValidVotes>
						<CountMetric Id="PVP" Type="Percent Votes in Party">100.0</CountMetric>
						<CountMetric Id="PVR" Type="Percent Votes in Race">98.0</CountMetric>
					</Selection>
				</ReportingUnitVotes>
			</Contest>
			</Contests>
		</Election>
	</Count>
</EML>
