<EML Id="530" SchemaVersion="5.0">
	<TransactionId>707</TransactionId>
	<MessageLanguage>en-US</MessageLanguage>
	<IssueDate>2012-10-17T09:29:38-07:00</IssueDate>
	<Count>
		<EventIdentifier Id="California_2012_Statewide_Presidential_General_Election_TEST_DATA"/>
		<Election>
			<ElectionIdentifier Id="20121106"/>
			<Contests>
				<ContestIdentifier Id="001">
					<ContestName>County Statistics</ContestName>
				</ContestIdentifier>
				<TotalVotes>
					<CountMetric Id="RT" Type="Report Type">1</CountMetric>
					<CountMetric Id="PR" Type="Precincts Reporting">11019</CountMetric>
					<CountMetric Id="TP" Type="Total Precincts">24490</CountMetric>
					<CountMetric Id="PP" Type="Precincts Reporting Percentage">45.0</CountMetric>
					<CountMetric Id="VT" Type="Voter Turnout">4368795</CountMetric>
					<CountMetric Id="TV" Type="Total Registered Voters">17259680</CountMetric>
					<CountMetric Id="VP" Type="Voter Turnout Percentage">25.3</CountMetric>
					<CountMetric Id="FD" Type="First Report Date">20121017</CountMetric>
					<CountMetric Id="FT" Type="First Report Time">08:01 AM</CountMetric>
					<CountMetric Id="LD" Type="Last Report Date">20121017</CountMetric>
					<CountMetric Id="LT" Type="Last Report Time">09:27 AM</CountMetric>
				</TotalVotes>
				<ReportingUnitVotes>
					<ReportingUnitIdentifier Id="01">Alameda</ReportingUnitIdentifier>
					<CountMetric Id="RT" Type="Report Type">1</CountMetric>
					<CountMetric Id="PR" Type="Precincts Reporting">629</CountMetric>
					<CountMetric Id="TP" Type="Total Precincts">1100</CountMetric>
					<CountMetric Id="PP" Type="Precincts Reporting Percentage">57.2</CountMetric>
					<CountMetric Id="VT" Type="Voter Turnout">419703</CountMetric>
					<CountMetric Id="TV" Type="Total Registered Voters">756135</CountMetric>
					<CountMetric Id="VP" Type="Voter Turnout Percentage">55.5</CountMetric>
					<CountMetric Id="FD" Type="First Report Date">20121017</CountMetric>
					<CountMetric Id="FT" Type="First Report Time">08:02 AM</CountMetric>
					<CountMetric Id="LD" Type="Last Report Date">20121017</CountMetric>
					<CountMetric Id="LT" Type="Last Report Time">09:13 AM</CountMetric>
				</ReportingUnitVotes>
				<ReportingUnitVotes>
					<ReportingUnitIdentifier Id="02">Alpine</ReportingUnitIdentifier>
					<CountMetric Id="RT" Type="Report Type">2</CountMetric>
					<CountMetric Id="PR" Type="Precincts Reporting">5</CountMetric>
					<CountMetric Id="TP" Type="Total Precincts">5</CountMetric>
					<CountMetric Id="PP" Type="Precincts Reporting Percentage">100.0</CountMetric>
					<CountMetric Id="VT" Type="Voter Turnout">744</CountMetric>
					<CountMetric Id="TV" Type="Total Registered Voters">778</CountMetric>
					<CountMetric Id="VP" Type="Voter Turnout Percentage">95.6</CountMetric>
					<CountMetric Id="FD" Type="First Report Date">20121017</CountMetric>
					<CountMetric Id="FT" Type="First Report Time">08:19 AM</CountMetric>
					<CountMetric Id="LD" Type="Last Report Date">20121017</CountMetric>
					<CountMetric Id="LT" Type="Last Report Time">08:34 AM</CountMetric>
				</ReportingUnitVotes>
				<ReportingUnitVotes>
					<ReportingUnitIdentifier Id="03">Amador</ReportingUnitIdentifier>
					<CountMetric Id="RT" Type="Report Type">2</CountMetric>
					<CountMetric Id="PR" Type="Precincts Reporting">59</CountMetric>
					<CountMetric Id="TP" Type="Total Precincts">59</CountMetric>
					<CountMetric Id="PP" Type="Precincts Reporting Percentage">100.0</CountMetric>
					<CountMetric Id="VT" Type="Voter Turnout">20270</CountMetric>
					<CountMetric Id="TV" Type="Total Registered Voters">20891</CountMetric>
					<CountMetric Id="VP" Type="Voter Turnout Percentage">97.0</CountMetric>
					<CountMetric Id="FD" Type="First Report Date">20121017</CountMetric>
					<CountMetric Id="FT" Type="First Report Time">08:22 AM</CountMetric>
					<CountMetric Id="LD" Type="Last Report Date">20121017</CountMetric>
					<CountMetric Id="LT" Type="Last Report Time">09:24 AM</CountMetric>
				</ReportingUnitVotes>
				<ReportingUnitVotes>
					<ReportingUnitIdentifier Id="04">Butte</ReportingUnitIdentifier>
					<CountMetric Id="RT" Type="Report Type">1</CountMetric>
					<CountMetric Id="PR" Type="Precincts Reporting">114</CountMetric>
					<CountMetric Id="TP" Type="Total Precincts">155</CountMetric>
					<CountMetric Id="PP" Type="Precincts Reporting Percentage">73.5</CountMetric>
					<CountMetric Id="VT" Type="Voter Turnout">81467</CountMetric>
					<CountMetric Id="TV" Type="Total Registered Voters">114519</CountMetric>
					<CountMetric Id="VP" Type="Voter Turnout Percentage">71.1</CountMetric>
					<CountMetric Id="FD" Type="First Report Date">20121017</CountMetric>
					<CountMetric Id="FT" Type="First Report Time">08:18 AM</CountMetric>
					<CountMetric Id="LD" Type="Last Report Date">20121017</CountMetric>
					<CountMetric Id="LT" Type="Last Report Time">09:07 AM</CountMetric>
				</ReportingUnitVotes>
				<ReportingUnitVotes>
					<ReportingUnitIdentifier Id="05">Calaveras</ReportingUnitIdentifier>
					<CountMetric Id="RT" Type="Report Type">2</CountMetric>
					<CountMetric Id="PR" Type="Precincts Reporting">36</CountMetric>
					<CountMetric Id="TP" Type="Total Precincts">36</CountMetric>
					<CountMetric Id="PP" Type="Precincts Reporting Percentage">100.0</CountMetric>
					<CountMetric Id="VT" Type="Voter Turnout">27452</CountMetric>
					<CountMetric Id="TV" Type="Total Registered Voters">28295</CountMetric>
					<CountMetric Id="VP" Type="Voter Turnout Percentage">97.0</CountMetric>
					<CountMetric Id="FD" Type="First Report Date">20121017</CountMetric>
					<CountMetric Id="FT" Type="First Report Time">08:34 AM</CountMetric>
					<CountMetric Id="LD" Type="Last Report Date">20121017</CountMetric>
					<CountMetric Id="LT" Type="Last Report Time">08:45 AM</CountMetric>
				</ReportingUnitVotes>
				<ReportingUnitVotes>
					<ReportingUnitIdentifier Id="06">Colusa</ReportingUnitIdentifier>
					<CountMetric Id="RT" Type="Report Type">1</CountMetric>
					<CountMetric Id="PR" Type="Precincts Reporting">10</CountMetric>
					<CountMetric Id="TP" Type="Total Precincts">18</CountMetric>
					<CountMetric Id="PP" Type="Precincts Reporting Percentage">55.6</CountMetric>
					<CountMetric Id="VT" Type="Voter Turnout">4190</CountMetric>
					<CountMetric Id="TV" Type="Total Registered Voters">7465</CountMetric>
					<CountMetric Id="VP" Type="Voter Turnout Percentage">56.1</CountMetric>
					<CountMetric Id="FD" Type="First Report Date">20121017</CountMetric>
					<CountMetric Id="FT" Type="First Report Time">08:03 AM</CountMetric>
					<CountMetric Id="LD" Type="Last Report Date">20121017</CountMetric>
					<CountMetric Id="LT" Type="Last Report Time">09:15 AM</CountMetric>
				</ReportingUnitVotes>
				<ReportingUnitVotes>
					<ReportingUnitIdentifier Id="07">Contra Costa</ReportingUnitIdentifier>
					<CountMetric Id="RT" Type="Report Type">1</CountMetric>
					<CountMetric Id="PR" Type="Precincts Reporting">482</CountMetric>
					<CountMetric Id="TP" Type="Total Precincts">834</CountMetric>
					<CountMetric Id="PP" Type="Precincts Reporting Percentage">57.8</CountMetric>
					<CountMetric Id="VT" Type="Voter Turnout">293353</CountMetric>
					<CountMetric Id="TV" Type="Total Registered Voters">523419</CountMetric>
					<CountMetric Id="VP" Type="Voter Turnout Percentage">56.0</CountMetric>
					<CountMetric Id="FD" Type="First Report Date">20121017</CountMetric>
					<CountMetric Id="FT" Type="First Report Time">08:03 AM</CountMetric>
					<CountMetric Id="LD" Type="Last Report Date">20121017</CountMetric>
					<CountMetric Id="LT" Type="Last Report Time">09:15 AM</CountMetric>
				</ReportingUnitVotes>
				<ReportingUnitVotes>
					<ReportingUnitIdentifier Id="08">Del Norte</ReportingUnitIdentifier>
					<CountMetric Id="RT" Type="Report Type">1</CountMetric>
					<CountMetric Id="PR" Type="Precincts Reporting">8</CountMetric>
					<CountMetric Id="TP" Type="Total Precincts">18</CountMetric>
					<CountMetric Id="PP" Type="Precincts Reporting Percentage">44.4</CountMetric>
					<CountMetric Id="VT" Type="Voter Turnout">4837</CountMetric>
					<CountMetric Id="TV" Type="Total Registered Voters">11953</CountMetric>
					<CountMetric Id="VP" Type="Voter Turnout Percentage">40.5</CountMetric>
					<CountMetric Id="FD" Type="First Report Date">20121017</CountMetric>
					<CountMetric Id="FT" Type="First Report Time">08:14 AM</CountMetric>
					<CountMetric Id="LD" Type="Last Report Date">20121017</CountMetric>
					<CountMetric Id="LT" Type="Last Report Time">09:07 AM</CountMetric>
				</ReportingUnitVotes>
				<ReportingUnitVotes>
					<ReportingUnitIdentifier Id="09">El Dorado</ReportingUnitIdentifier>
					<CountMetric Id="RT" Type="Report Type">1</CountMetric>
					<CountMetric Id="PR" Type="Precincts Reporting">34</CountMetric>
					<CountMetric Id="TP" Type="Total Precincts">158</CountMetric>
					<CountMetric Id="PP" Type="Precincts Reporting Percentage">21.5</CountMetric>
					<CountMetric Id="VT" Type="Voter Turnout">22280</CountMetric>
					<CountMetric Id="TV" Type="Total Registered Voters">105981</CountMetric>
					<CountMetric Id="VP" Type="Voter Turnout Percentage">21.0</CountMetric>
					<CountMetric Id="FD" Type="First Report Date">20121017</CountMetric>
					<CountMetric Id="FT" Type="First Report Time">08:34 AM</CountMetric>
					<CountMetric Id="LD" Type="Last Report Date">20121017</CountMetric>
					<CountMetric Id="LT" Type="Last Report Time">08:34 AM</CountMetric>
				</ReportingUnitVotes>
				<ReportingUnitVotes>
					<ReportingUnitIdentifier Id="10">Fresno</ReportingUnitIdentifier>
					<CountMetric Id="RT" Type="Report Type">1</CountMetric>
					<CountMetric Id="PR" Type="Precincts Reporting">353</CountMetric>
					<CountMetric Id="TP" Type="Total Precincts">611</CountMetric>
					<CountMetric Id="PP" Type="Precincts Reporting Percentage">57.8</CountMetric>
					<CountMetric Id="VT" Type="Voter Turnout">219758</CountMetric>
					<CountMetric Id="TV" Type="Total Registered Voters">392103</CountMetric>
					<CountMetric Id="VP" Type="Voter Turnout Percentage">56.0</CountMetric>
					<CountMetric Id="FD" Type="First Report Date">20121017</CountMetric>
					<CountMetric Id="FT" Type="First Report Time">08:03 AM</CountMetric>
					<CountMetric Id="LD" Type="Last Report Date">20121017</CountMetric>
					<CountMetric Id="LT" Type="Last Report Time">09:15 AM</CountMetric>
				</ReportingUnitVotes>
				<ReportingUnitVotes>
					<ReportingUnitIdentifier Id="11">Glenn</ReportingUnitIdentifier>
					<CountMetric Id="RT" Type="Report Type">1</CountMetric>
					<CountMetric Id="PR" Type="Precincts Reporting">3</CountMetric>
					<CountMetric Id="TP" Type="Total Precincts">34</CountMetric>
					<CountMetric Id="PP" Type="Precincts Reporting Percentage">8.8</CountMetric>
					<CountMetric Id="VT" Type="Voter Turnout">1176</CountMetric>
					<CountMetric Id="TV" Type="Total Registered Voters">12059</CountMetric>
					<CountMetric Id="VP" Type="Voter Turnout Percentage">9.8</CountMetric>
					<CountMetric Id="FD" Type="First Report Date">20121017</CountMetric>
					<CountMetric Id="FT" Type="First Report Time">09:13 AM</CountMetric>
					<CountMetric Id="LD" Type="Last Report Date">20121017</CountMetric>
					<CountMetric Id="LT" Type="Last Report Time">09:13 AM</CountMetric>
				</ReportingUnitVotes>
				<ReportingUnitVotes>
					<ReportingUnitIdentifier Id="12">Humboldt</ReportingUnitIdentifier>
					<CountMetric Id="RT" Type="Report Type">2</CountMetric>
					<CountMetric Id="PR" Type="Precincts Reporting">129</CountMetric>
					<CountMetric Id="TP" Type="Total Precincts">129</CountMetric>
					<CountMetric Id="PP" Type="Precincts Reporting Percentage">100.0</CountMetric>
					<CountMetric Id="VT" Type="Voter Turnout">73734</CountMetric>
					<CountMetric Id="TV" Type="Total Registered Voters">76008</CountMetric>
					<CountMetric Id="VP" Type="Voter Turnout Percentage">97.0</CountMetric>
					<CountMetric Id="FD" Type="First Report Date">20121017</CountMetric>
					<CountMetric Id="FT" Type="First Report Time">08:29 AM</CountMetric>
					<CountMetric Id="LD" Type="Last Report Date">20121017</CountMetric>
					<CountMetric Id="LT" Type="Last Report Time">09:04 AM</CountMetric>
				</ReportingUnitVotes>
				<ReportingUnitVotes>
					<ReportingUnitIdentifier Id="13">Imperial</ReportingUnitIdentifier>
					<CountMetric Id="RT" Type="Report Type">1</CountMetric>
					<CountMetric Id="PR" Type="Precincts Reporting">91</CountMetric>
					<CountMetric Id="TP" Type="Total Precincts">158</CountMetric>
					<CountMetric Id="PP" Type="Precincts Reporting Percentage">57.6</CountMetric>
					<CountMetric Id="VT" Type="Voter Turnout">31599</CountMetric>
					<CountMetric Id="TV" Type="Total Registered Voters">56372</CountMetric>
					<CountMetric Id="VP" Type="Voter Turnout Percentage">56.1</CountMetric>
					<CountMetric Id="FD" Type="First Report Date">20121017</CountMetric>
					<CountMetric Id="FT" Type="First Report Time">08:03 AM</CountMetric>
					<CountMetric Id="LD" Type="Last Report Date">20121017</CountMetric>
					<CountMetric Id="LT" Type="Last Report Time">09:16 AM</CountMetric>
				</ReportingUnitVotes>
				<ReportingUnitVotes>
					<ReportingUnitIdentifier Id="14">Inyo</ReportingUnitIdentifier>
					<CountMetric Id="RT" Type="Report Type">1</CountMetric>
					<CountMetric Id="PR" Type="Precincts Reporting">12</CountMetric>
					<CountMetric Id="TP" Type="Total Precincts">24</CountMetric>
					<CountMetric Id="PP" Type="Precincts Reporting Percentage">50.0</CountMetric>
					<CountMetric Id="VT" Type="Voter Turnout">4719</CountMetric>
					<CountMetric Id="TV" Type="Total Registered Voters">9559</CountMetric>
					<CountMetric Id="VP" Type="Voter Turnout Percentage">49.4</CountMetric>
					<CountMetric Id="FD" Type="First Report Date">20121017</CountMetric>
					<CountMetric Id="FT" Type="First Report Time">08:22 AM</CountMetric>
					<CountMetric Id="LD" Type="Last Report Date">20121017</CountMetric>
					<CountMetric Id="LT" Type="Last Report Time">09:09 AM</CountMetric>
				</ReportingUnitVotes>
				<ReportingUnitVotes>
					<ReportingUnitIdentifier Id="15">Kern</ReportingUnitIdentifier>
					<CountMetric Id="RT" Type="Report Type">1</CountMetric>
					<CountMetric Id="PR" Type="Precincts Reporting">296</CountMetric>
					<CountMetric Id="TP" Type="Total Precincts">583</CountMetric>
					<CountMetric Id="PP" Type="Precincts Reporting Percentage">50.8</CountMetric>
					<CountMetric Id="VT" Type="Voter Turnout">155810</CountMetric>
					<CountMetric Id="TV" Type="Total Registered Voters">315979</CountMetric>
					<CountMetric Id="VP" Type="Voter Turnout Percentage">49.3</CountMetric>
					<CountMetric Id="FD" Type="First Report Date">20121017</CountMetric>
					<CountMetric Id="FT" Type="First Report Time">08:28 AM</CountMetric>
					<CountMetric Id="LD" Type="Last Report Date">20121017</CountMetric>
					<CountMetric Id="LT" Type="Last Report Time">09:07 AM</CountMetric>
				</ReportingUnitVotes>
				<ReportingUnitVotes>
					<ReportingUnitIdentifier Id="16">Kings</ReportingUnitIdentifier>
					<CountMetric Id="RT" Type="Report Type">1</CountMetric>
					<CountMetric Id="PR" Type="Precincts Reporting">91</CountMetric>
					<CountMetric Id="TP" Type="Total Precincts">182</CountMetric>
					<CountMetric Id="PP" Type="Precincts Reporting Percentage">50.0</CountMetric>
					<CountMetric Id="VT" Type="Voter Turnout">22720</CountMetric>
					<CountMetric Id="TV" Type="Total Registered Voters">46834</CountMetric>
					<CountMetric Id="VP" Type="Voter Turnout Percentage">48.5</CountMetric>
					<CountMetric Id="FD" Type="First Report Date">20121017</CountMetric>
					<CountMetric Id="FT" Type="First Report Time">08:03 AM</CountMetric>
					<CountMetric Id="LD" Type="Last Report Date">20121017</CountMetric>
					<CountMetric Id="LT" Type="Last Report Time">09:01 AM</CountMetric>
				</ReportingUnitVotes>
				<ReportingUnitVotes>
					<ReportingUnitIdentifier Id="17">Lake</ReportingUnitIdentifier>
					<CountMetric Id="RT" Type="Report Type">1</CountMetric>
					<CountMetric Id="PR" Type="Precincts Reporting">35</CountMetric>
					<CountMetric Id="TP" Type="Total Precincts">70</CountMetric>
					<CountMetric Id="PP" Type="Precincts Reporting Percentage">50.0</CountMetric>
					<CountMetric Id="VT" Type="Voter Turnout">16501</CountMetric>
					<CountMetric Id="TV" Type="Total Registered Voters">34011</CountMetric>
					<CountMetric Id="VP" Type="Voter Turnout Percentage">48.5</CountMetric>
					<CountMetric Id="FD" Type="First Report Date">20121017</CountMetric>
					<CountMetric Id="FT" Type="First Report Time">08:03 AM</CountMetric>
					<CountMetric Id="LD" Type="Last Report Date">20121017</CountMetric>
					<CountMetric Id="LT" Type="Last Report Time">09:01 AM</CountMetric>
				</ReportingUnitVotes>
				<ReportingUnitVotes>
					<ReportingUnitIdentifier Id="18">Lassen</ReportingUnitIdentifier>
					<CountMetric Id="RT" Type="Report Type">1</CountMetric>
					<CountMetric Id="PR" Type="Precincts Reporting">28</CountMetric>
					<CountMetric Id="TP" Type="Total Precincts">55</CountMetric>
					<CountMetric Id="PP" Type="Precincts Reporting Percentage">50.9</CountMetric>
					<CountMetric Id="VT" Type="Voter Turnout">6618</CountMetric>
					<CountMetric Id="TV" Type="Total Registered Voters">13633</CountMetric>
					<CountMetric Id="VP" Type="Voter Turnout Percentage">48.5</CountMetric>
					<CountMetric Id="FD" Type="First Report Date">20121017</CountMetric>
					<CountMetric Id="FT" Type="First Report Time">08:04 AM</CountMetric>
					<CountMetric Id="LD" Type="Last Report Date">20121017</CountMetric>
					<CountMetric Id="LT" Type="Last Report Time">09:01 AM</CountMetric>
				</ReportingUnitVotes>
				<ReportingUnitVotes>
					<ReportingUnitIdentifier Id="19">Los Angeles</ReportingUnitIdentifier>
					<CountMetric Id="RT" Type="Report Type">1</CountMetric>
					<CountMetric Id="PR" Type="Precincts Reporting">2995</CountMetric>
					<CountMetric Id="TP" Type="Total Precincts">4993</CountMetric>
					<CountMetric Id="PP" Type="Precincts Reporting Percentage">60.0</CountMetric>
					<CountMetric Id="VT" Type="Voter Turnout">89513</CountMetric>
					<CountMetric Id="TV" Type="Total Registered Voters">4512336</CountMetric>
					<CountMetric Id="VP" Type="Voter Turnout Percentage">2.0</CountMetric>
					<CountMetric Id="FD" Type="First Report Date">20121017</CountMetric>
					<CountMetric Id="FT" Type="First Report Time">09:03 AM</CountMetric>
					<CountMetric Id="LD" Type="Last Report Date">20121017</CountMetric>
					<CountMetric Id="LT" Type="Last Report Time">09:25 AM</CountMetric>
				</ReportingUnitVotes>
				<ReportingUnitVotes>
					<ReportingUnitIdentifier Id="20">Madera</ReportingUnitIdentifier>
					<CountMetric Id="RT" Type="Report Type">3</CountMetric>
					<CountMetric Id="PR" Type="Precincts Reporting">96</CountMetric>
					<CountMetric Id="TP" Type="Total Precincts">96</CountMetric>
					<CountMetric Id="PP" Type="Precincts Reporting Percentage">100.0</CountMetric>
					<CountMetric Id="VT" Type="Voter Turnout">672</CountMetric>
					<CountMetric Id="TV" Type="Total Registered Voters">50896</CountMetric>
					<CountMetric Id="VP" Type="Voter Turnout Percentage">1.3</CountMetric>
					<CountMetric Id="FD" Type="First Report Date">20121017</CountMetric>
					<CountMetric Id="FT" Type="First Report Time">08:35 AM</CountMetric>
					<CountMetric Id="LD" Type="Last Report Date">20121017</CountMetric>
					<CountMetric Id="LT" Type="Last Report Time">09:10 AM</CountMetric>
				</ReportingUnitVotes>
				<ReportingUnitVotes>
					<ReportingUnitIdentifier Id="21">Marin</ReportingUnitIdentifier>
					<CountMetric Id="RT" Type="Report Type">0</CountMetric>
					<CountMetric Id="PR" Type="Precincts Reporting" />
					<CountMetric Id="TP" Type="Total Precincts">194</CountMetric>
					<CountMetric Id="PP" Type="Precincts Reporting Percentage" />
					<CountMetric Id="VT" Type="Voter Turnout" />
					<CountMetric Id="TV" Type="Total Registered Voters">147686</CountMetric>
					<CountMetric Id="VP" Type="Voter Turnout Percentage" />
					<CountMetric Id="FD" Type="First Report Date">00000000</CountMetric>
					<CountMetric Id="FT" Type="First Report Time">0000</CountMetric>
					<CountMetric Id="LD" Type="Last Report Date">00000000</CountMetric>
					<CountMetric Id="LT" Type="Last Report Time">0000</CountMetric>
				</ReportingUnitVotes>
				<ReportingUnitVotes>
					<ReportingUnitIdentifier Id="22">Mariposa</ReportingUnitIdentifier>
					<CountMetric Id="RT" Type="Report Type">2</CountMetric>
					<CountMetric Id="PR" Type="Precincts Reporting">25</CountMetric>
					<CountMetric Id="TP" Type="Total Precincts">25</CountMetric>
					<CountMetric Id="PP" Type="Precincts Reporting Percentage">100.0</CountMetric>
					<CountMetric Id="VT" Type="Voter Turnout">10111</CountMetric>
					<CountMetric Id="TV" Type="Total Registered Voters">10418</CountMetric>
					<CountMetric Id="VP" Type="Voter Turnout Percentage">97.1</CountMetric>
					<CountMetric Id="FD" Type="First Report Date">20121017</CountMetric>
					<CountMetric Id="FT" Type="First Report Time">09:18 AM</CountMetric>
					<CountMetric Id="LD" Type="Last Report Date">20121017</CountMetric>
					<CountMetric Id="LT" Type="Last Report Time">09:27 AM</CountMetric>
				</ReportingUnitVotes>
				<ReportingUnitVotes>
					<ReportingUnitIdentifier Id="23">Mendocino</ReportingUnitIdentifier>
					<CountMetric Id="RT" Type="Report Type">1</CountMetric>
					<CountMetric Id="PR" Type="Precincts Reporting">76</CountMetric>
					<CountMetric Id="TP" Type="Total Precincts">247</CountMetric>
					<CountMetric Id="PP" Type="Precincts Reporting Percentage">30.8</CountMetric>
					<CountMetric Id="VT" Type="Voter Turnout">14334</CountMetric>
					<CountMetric Id="TV" Type="Total Registered Voters">47906</CountMetric>
					<CountMetric Id="VP" Type="Voter Turnout Percentage">29.9</CountMetric>
					<CountMetric Id="FD" Type="First Report Date">20121017</CountMetric>
					<CountMetric Id="FT" Type="First Report Time">08:26 AM</CountMetric>
					<CountMetric Id="LD" Type="Last Report Date">20121017</CountMetric>
					<CountMetric Id="LT" Type="Last Report Time">09:00 AM</CountMetric>
				</ReportingUnitVotes>
				<ReportingUnitVotes>
					<ReportingUnitIdentifier Id="24">Merced</ReportingUnitIdentifier>
					<CountMetric Id="RT" Type="Report Type">1</CountMetric>
					<CountMetric Id="PR" Type="Precincts Reporting">77</CountMetric>
					<CountMetric Id="TP" Type="Total Precincts">126</CountMetric>
					<CountMetric Id="PP" Type="Precincts Reporting Percentage">61.1</CountMetric>
					<CountMetric Id="VT" Type="Voter Turnout">55314</CountMetric>
					<CountMetric Id="TV" Type="Total Registered Voters">93303</CountMetric>
					<CountMetric Id="VP" Type="Voter Turnout Percentage">59.3</CountMetric>
					<CountMetric Id="FD" Type="First Report Date">20121017</CountMetric>
					<CountMetric Id="FT" Type="First Report Time">08:04 AM</CountMetric>
					<CountMetric Id="LD" Type="Last Report Date">20121017</CountMetric>
					<CountMetric Id="LT" Type="Last Report Time">09:21 AM</CountMetric>
				</ReportingUnitVotes>
				<ReportingUnitVotes>
					<ReportingUnitIdentifier Id="25">Modoc</ReportingUnitIdentifier>
					<CountMetric Id="RT" Type="Report Type">1</CountMetric>
					<CountMetric Id="PR" Type="Precincts Reporting">3</CountMetric>
					<CountMetric Id="TP" Type="Total Precincts">21</CountMetric>
					<CountMetric Id="PP" Type="Precincts Reporting Percentage">14.3</CountMetric>
					<CountMetric Id="VT" Type="Voter Turnout">766</CountMetric>
					<CountMetric Id="TV" Type="Total Registered Voters">5221</CountMetric>
					<CountMetric Id="VP" Type="Voter Turnout Percentage">14.7</CountMetric>
					<CountMetric Id="FD" Type="First Report Date">20121017</CountMetric>
					<CountMetric Id="FT" Type="First Report Time">09:12 AM</CountMetric>
					<CountMetric Id="LD" Type="Last Report Date">20121017</CountMetric>
					<CountMetric Id="LT" Type="Last Report Time">09:12 AM</CountMetric>
				</ReportingUnitVotes>
				<ReportingUnitVotes>
					<ReportingUnitIdentifier Id="26">Mono</ReportingUnitIdentifier>
					<CountMetric Id="RT" Type="Report Type">1</CountMetric>
					<CountMetric Id="PR" Type="Precincts Reporting">8</CountMetric>
					<CountMetric Id="TP" Type="Total Precincts">13</CountMetric>
					<CountMetric Id="PP" Type="Precincts Reporting Percentage">61.5</CountMetric>
					<CountMetric Id="VT" Type="Voter Turnout">3330</CountMetric>
					<CountMetric Id="TV" Type="Total Registered Voters">5608</CountMetric>
					<CountMetric Id="VP" Type="Voter Turnout Percentage">59.4</CountMetric>
					<CountMetric Id="FD" Type="First Report Date">20121017</CountMetric>
					<CountMetric Id="FT" Type="First Report Time">08:02 AM</CountMetric>
					<CountMetric Id="LD" Type="Last Report Date">20121017</CountMetric>
					<CountMetric Id="LT" Type="Last Report Time">09:20 AM</CountMetric>
				</ReportingUnitVotes>
				<ReportingUnitVotes>
					<ReportingUnitIdentifier Id="27">Monterey</ReportingUnitIdentifier>
					<CountMetric Id="RT" Type="Report Type">1</CountMetric>
					<CountMetric Id="PR" Type="Precincts Reporting">58</CountMetric>
					<CountMetric Id="TP" Type="Total Precincts">189</CountMetric>
					<CountMetric Id="PP" Type="Precincts Reporting Percentage">30.7</CountMetric>
					<CountMetric Id="VT" Type="Voter Turnout">47511</CountMetric>
					<CountMetric Id="TV" Type="Total Registered Voters">158834</CountMetric>
					<CountMetric Id="VP" Type="Voter Turnout Percentage">29.9</CountMetric>
					<CountMetric Id="FD" Type="First Report Date">20121017</CountMetric>
					<CountMetric Id="FT" Type="First Report Time">08:06 AM</CountMetric>
					<CountMetric Id="LD" Type="Last Report Date">20121017</CountMetric>
					<CountMetric Id="LT" Type="Last Report Time">09:06 AM</CountMetric>
				</ReportingUnitVotes>
				<ReportingUnitVotes>
					<ReportingUnitIdentifier Id="28">Napa</ReportingUnitIdentifier>
					<CountMetric Id="RT" Type="Report Type">1</CountMetric>
					<CountMetric Id="PR" Type="Precincts Reporting">102</CountMetric>
					<CountMetric Id="TP" Type="Total Precincts">167</CountMetric>
					<CountMetric Id="PP" Type="Precincts Reporting Percentage">61.1</CountMetric>
					<CountMetric Id="VT" Type="Voter Turnout">40382</CountMetric>
					<CountMetric Id="TV" Type="Total Registered Voters">68114</CountMetric>
					<CountMetric Id="VP" Type="Voter Turnout Percentage">59.3</CountMetric>
					<CountMetric Id="FD" Type="First Report Date">20121017</CountMetric>
					<CountMetric Id="FT" Type="First Report Time">08:04 AM</CountMetric>
					<CountMetric Id="LD" Type="Last Report Date">20121017</CountMetric>
					<CountMetric Id="LT" Type="Last Report Time">09:21 AM</CountMetric>
				</ReportingUnitVotes>
				<ReportingUnitVotes>
					<ReportingUnitIdentifier Id="29">Nevada</ReportingUnitIdentifier>
					<CountMetric Id="RT" Type="Report Type">0</CountMetric>
					<CountMetric Id="PR" Type="Precincts Reporting">140</CountMetric>
					<CountMetric Id="TP" Type="Total Precincts">140</CountMetric>
					<CountMetric Id="PP" Type="Precincts Reporting Percentage">100.0</CountMetric>
					<CountMetric Id="VT" Type="Voter Turnout">2179</CountMetric>
					<CountMetric Id="TV" Type="Total Registered Voters">59549</CountMetric>
					<CountMetric Id="VP" Type="Voter Turnout Percentage">3.7</CountMetric>
					<CountMetric Id="FD" Type="First Report Date">20121017</CountMetric>
					<CountMetric Id="FT" Type="First Report Time">08:01 AM</CountMetric>
					<CountMetric Id="LD" Type="Last Report Date">20121017</CountMetric>
					<CountMetric Id="LT" Type="Last Report Time">09:15 AM</CountMetric>
				</ReportingUnitVotes>
				<ReportingUnitVotes>
					<ReportingUnitIdentifier Id="30">Orange</ReportingUnitIdentifier>
					<CountMetric Id="RT" Type="Report Type">1</CountMetric>
					<CountMetric Id="PR" Type="Precincts Reporting">1208</CountMetric>
					<CountMetric Id="TP" Type="Total Precincts">1977</CountMetric>
					<CountMetric Id="PP" Type="Precincts Reporting Percentage">61.1</CountMetric>
					<CountMetric Id="VT" Type="Voter Turnout">955217</CountMetric>
					<CountMetric Id="TV" Type="Total Registered Voters">1611415</CountMetric>
					<CountMetric Id="VP" Type="Voter Turnout Percentage">59.3</CountMetric>
					<CountMetric Id="FD" Type="First Report Date">20121017</CountMetric>
					<CountMetric Id="FT" Type="First Report Time">08:04 AM</CountMetric>
					<CountMetric Id="LD" Type="Last Report Date">20121017</CountMetric>
					<CountMetric Id="LT" Type="Last Report Time">09:21 AM</CountMetric>
				</ReportingUnitVotes>
				<ReportingUnitVotes>
					<ReportingUnitIdentifier Id="31">Placer</ReportingUnitIdentifier>
					<CountMetric Id="RT" Type="Report Type">1</CountMetric>
					<CountMetric Id="PR" Type="Precincts Reporting">31</CountMetric>
					<CountMetric Id="TP" Type="Total Precincts">350</CountMetric>
					<CountMetric Id="PP" Type="Precincts Reporting Percentage">8.9</CountMetric>
					<CountMetric Id="VT" Type="Voter Turnout">16983</CountMetric>
					<CountMetric Id="TV" Type="Total Registered Voters">196897</CountMetric>
					<CountMetric Id="VP" Type="Voter Turnout Percentage">8.6</CountMetric>
					<CountMetric Id="FD" Type="First Report Date">20121017</CountMetric>
					<CountMetric Id="FT" Type="First Report Time">08:04 AM</CountMetric>
					<CountMetric Id="LD" Type="Last Report Date">20121017</CountMetric>
					<CountMetric Id="LT" Type="Last Report Time">08:04 AM</CountMetric>
				</ReportingUnitVotes>
				<ReportingUnitVotes>
					<ReportingUnitIdentifier Id="32">Plumas</ReportingUnitIdentifier>
					<CountMetric Id="RT" Type="Report Type">1</CountMetric>
					<CountMetric Id="PR" Type="Precincts Reporting">18</CountMetric>
					<CountMetric Id="TP" Type="Total Precincts">29</CountMetric>
					<CountMetric Id="PP" Type="Precincts Reporting Percentage">62.1</CountMetric>
					<CountMetric Id="VT" Type="Voter Turnout">7589</CountMetric>
					<CountMetric Id="TV" Type="Total Registered Voters">12792</CountMetric>
					<CountMetric Id="VP" Type="Voter Turnout Percentage">59.3</CountMetric>
					<CountMetric Id="FD" Type="First Report Date">20121017</CountMetric>
					<CountMetric Id="FT" Type="First Report Time">08:07 AM</CountMetric>
					<CountMetric Id="LD" Type="Last Report Date">20121017</CountMetric>
					<CountMetric Id="LT" Type="Last Report Time">09:25 AM</CountMetric>
				</ReportingUnitVotes>
				<ReportingUnitVotes>
					<ReportingUnitIdentifier Id="33">Riverside</ReportingUnitIdentifier>
					<CountMetric Id="RT" Type="Report Type">0</CountMetric>
					<CountMetric Id="PR" Type="Precincts Reporting" />
					<CountMetric Id="TP" Type="Total Precincts">1218</CountMetric>
					<CountMetric Id="PP" Type="Precincts Reporting Percentage" />
					<CountMetric Id="VT" Type="Voter Turnout" />
					<CountMetric Id="TV" Type="Total Registered Voters">892238</CountMetric>
					<CountMetric Id="VP" Type="Voter Turnout Percentage" />
					<CountMetric Id="FD" Type="First Report Date">00000000</CountMetric>
					<CountMetric Id="FT" Type="First Report Time">0000</CountMetric>
					<CountMetric Id="LD" Type="Last Report Date">00000000</CountMetric>
					<CountMetric Id="LT" Type="Last Report Time">0000</CountMetric>
				</ReportingUnitVotes>
				<ReportingUnitVotes>
					<ReportingUnitIdentifier Id="34">Sacramento</ReportingUnitIdentifier>
					<CountMetric Id="RT" Type="Report Type">1</CountMetric>
					<CountMetric Id="PR" Type="Precincts Reporting">553</CountMetric>
					<CountMetric Id="TP" Type="Total Precincts">1106</CountMetric>
					<CountMetric Id="PP" Type="Precincts Reporting Percentage">50.0</CountMetric>
					<CountMetric Id="VT" Type="Voter Turnout">320317</CountMetric>
					<CountMetric Id="TV" Type="Total Registered Voters">660436</CountMetric>
					<CountMetric Id="VP" Type="Voter Turnout Percentage">48.5</CountMetric>
					<CountMetric Id="FD" Type="First Report Date">20121017</CountMetric>
					<CountMetric Id="FT" Type="First Report Time">08:04 AM</CountMetric>
					<CountMetric Id="LD" Type="Last Report Date">20121017</CountMetric>
					<CountMetric Id="LT" Type="Last Report Time">09:02 AM</CountMetric>
				</ReportingUnitVotes>
				<ReportingUnitVotes>
					<ReportingUnitIdentifier Id="35">San Benito</ReportingUnitIdentifier>
					<CountMetric Id="RT" Type="Report Type">1</CountMetric>
					<CountMetric Id="PR" Type="Precincts Reporting">22</CountMetric>
					<CountMetric Id="TP" Type="Total Precincts">44</CountMetric>
					<CountMetric Id="PP" Type="Precincts Reporting Percentage">50.0</CountMetric>
					<CountMetric Id="VT" Type="Voter Turnout">12060</CountMetric>
					<CountMetric Id="TV" Type="Total Registered Voters">24853</CountMetric>
					<CountMetric Id="VP" Type="Voter Turnout Percentage">48.5</CountMetric>
					<CountMetric Id="FD" Type="First Report Date">20121017</CountMetric>
					<CountMetric Id="FT" Type="First Report Time">08:04 AM</CountMetric>
					<CountMetric Id="LD" Type="Last Report Date">20121017</CountMetric>
					<CountMetric Id="LT" Type="Last Report Time">09:03 AM</CountMetric>
				</ReportingUnitVotes>
				<ReportingUnitVotes>
					<ReportingUnitIdentifier Id="36">San Bernardino</ReportingUnitIdentifier>
					<CountMetric Id="RT" Type="Report Type">0</CountMetric>
					<CountMetric Id="PR" Type="Precincts Reporting" />
					<CountMetric Id="TP" Type="Total Precincts">1609</CountMetric>
					<CountMetric Id="PP" Type="Precincts Reporting Percentage" />
					<CountMetric Id="VT" Type="Voter Turnout" />
					<CountMetric Id="TV" Type="Total Registered Voters">816958</CountMetric>
					<CountMetric Id="VP" Type="Voter Turnout Percentage" />
					<CountMetric Id="FD" Type="First Report Date">00000000</CountMetric>
					<CountMetric Id="FT" Type="First Report Time">0000</CountMetric>
					<CountMetric Id="LD" Type="Last Report Date">00000000</CountMetric>
					<CountMetric Id="LT" Type="Last Report Time">0000</CountMetric>
				</ReportingUnitVotes>
				<ReportingUnitVotes>
					<ReportingUnitIdentifier Id="37">San Diego</ReportingUnitIdentifier>
					<CountMetric Id="RT" Type="Report Type">0</CountMetric>
					<CountMetric Id="PR" Type="Precincts Reporting" />
					<CountMetric Id="TP" Type="Total Precincts">2064</CountMetric>
					<CountMetric Id="PP" Type="Precincts Reporting Percentage" />
					<CountMetric Id="VT" Type="Voter Turnout" />
					<CountMetric Id="TV" Type="Total Registered Voters">1463987</CountMetric>
					<CountMetric Id="VP" Type="Voter Turnout Percentage" />
					<CountMetric Id="FD" Type="First Report Date">00000000</CountMetric>
					<CountMetric Id="FT" Type="First Report Time">0000</CountMetric>
					<CountMetric Id="LD" Type="Last Report Date">00000000</CountMetric>
					<CountMetric Id="LT" Type="Last Report Time">0000</CountMetric>
				</ReportingUnitVotes>
				<ReportingUnitVotes>
					<ReportingUnitIdentifier Id="38">San Francisco</ReportingUnitIdentifier>
					<CountMetric Id="RT" Type="Report Type">0</CountMetric>
					<CountMetric Id="PR" Type="Precincts Reporting" />
					<CountMetric Id="TP" Type="Total Precincts">597</CountMetric>
					<CountMetric Id="PP" Type="Precincts Reporting Percentage" />
					<CountMetric Id="VT" Type="Voter Turnout" />
					<CountMetric Id="TV" Type="Total Registered Voters">464057</CountMetric>
					<CountMetric Id="VP" Type="Voter Turnout Percentage" />
					<CountMetric Id="FD" Type="First Report Date">00000000</CountMetric>
					<CountMetric Id="FT" Type="First Report Time">0000</CountMetric>
					<CountMetric Id="LD" Type="Last Report Date">00000000</CountMetric>
					<CountMetric Id="LT" Type="Last Report Time">0000</CountMetric>
				</ReportingUnitVotes>
				<ReportingUnitVotes>
					<ReportingUnitIdentifier Id="39">San Joaquin</ReportingUnitIdentifier>
					<CountMetric Id="RT" Type="Report Type">1</CountMetric>
					<CountMetric Id="PR" Type="Precincts Reporting">260</CountMetric>
					<CountMetric Id="TP" Type="Total Precincts">430</CountMetric>
					<CountMetric Id="PP" Type="Precincts Reporting Percentage">60.5</CountMetric>
					<CountMetric Id="VT" Type="Voter Turnout">160624</CountMetric>
					<CountMetric Id="TV" Type="Total Registered Voters">273444</CountMetric>
					<CountMetric Id="VP" Type="Voter Turnout Percentage">58.7</CountMetric>
					<CountMetric Id="FD" Type="First Report Date">20121017</CountMetric>
					<CountMetric Id="FT" Type="First Report Time">08:04 AM</CountMetric>
					<CountMetric Id="LD" Type="Last Report Date">20121017</CountMetric>
					<CountMetric Id="LT" Type="Last Report Time">09:21 AM</CountMetric>
				</ReportingUnitVotes>
				<ReportingUnitVotes>
					<ReportingUnitIdentifier Id="40">San Luis Obispo</ReportingUnitIdentifier>
					<CountMetric Id="RT" Type="Report Type">3</CountMetric>
					<CountMetric Id="PR" Type="Precincts Reporting">147</CountMetric>
					<CountMetric Id="TP" Type="Total Precincts">147</CountMetric>
					<CountMetric Id="PP" Type="Precincts Reporting Percentage">100.0</CountMetric>
					<CountMetric Id="VT" Type="Voter Turnout">566</CountMetric>
					<CountMetric Id="TV" Type="Total Registered Voters">148621</CountMetric>
					<CountMetric Id="VP" Type="Voter Turnout Percentage">0.4</CountMetric>
					<CountMetric Id="FD" Type="First Report Date">20121017</CountMetric>
					<CountMetric Id="FT" Type="First Report Time">08:28 AM</CountMetric>
					<CountMetric Id="LD" Type="Last Report Date">20121017</CountMetric>
					<CountMetric Id="LT" Type="Last Report Time">09:12 AM</CountMetric>
				</ReportingUnitVotes>
				<ReportingUnitVotes>
					<ReportingUnitIdentifier Id="41">San Mateo</ReportingUnitIdentifier>
					<CountMetric Id="RT" Type="Report Type">1</CountMetric>
					<CountMetric Id="PR" Type="Precincts Reporting">283</CountMetric>
					<CountMetric Id="TP" Type="Total Precincts">468</CountMetric>
					<CountMetric Id="PP" Type="Precincts Reporting Percentage">60.5</CountMetric>
					<CountMetric Id="VT" Type="Voter Turnout">199909</CountMetric>
					<CountMetric Id="TV" Type="Total Registered Voters">340325</CountMetric>
					<CountMetric Id="VP" Type="Voter Turnout Percentage">58.7</CountMetric>
					<CountMetric Id="FD" Type="First Report Date">20121017</CountMetric>
					<CountMetric Id="FT" Type="First Report Time">08:04 AM</CountMetric>
					<CountMetric Id="LD" Type="Last Report Date">20121017</CountMetric>
					<CountMetric Id="LT" Type="Last Report Time">09:21 AM</CountMetric>
				</ReportingUnitVotes>
				<ReportingUnitVotes>
					<ReportingUnitIdentifier Id="42">Santa Barbara</ReportingUnitIdentifier>
					<CountMetric Id="RT" Type="Report Type">3</CountMetric>
					<CountMetric Id="PR" Type="Precincts Reporting">257</CountMetric>
					<CountMetric Id="TP" Type="Total Precincts">257</CountMetric>
					<CountMetric Id="PP" Type="Precincts Reporting Percentage">100.0</CountMetric>
					<CountMetric Id="VT" Type="Voter Turnout">204</CountMetric>
					<CountMetric Id="TV" Type="Total Registered Voters">185749</CountMetric>
					<CountMetric Id="VP" Type="Voter Turnout Percentage">0.1</CountMetric>
					<CountMetric Id="FD" Type="First Report Date">20121017</CountMetric>
					<CountMetric Id="FT" Type="First Report Time">09:13 AM</CountMetric>
					<CountMetric Id="LD" Type="Last Report Date">20121017</CountMetric>
					<CountMetric Id="LT" Type="Last Report Time">09:24 AM</CountMetric>
				</ReportingUnitVotes>
				<ReportingUnitVotes>
					<ReportingUnitIdentifier Id="43">Santa Clara</ReportingUnitIdentifier>
					<CountMetric Id="RT" Type="Report Type">1</CountMetric>
					<CountMetric Id="PR" Type="Precincts Reporting">150</CountMetric>
					<CountMetric Id="TP" Type="Total Precincts">1000</CountMetric>
					<CountMetric Id="PP" Type="Precincts Reporting Percentage">15.0</CountMetric>
					<CountMetric Id="VT" Type="Voter Turnout">111113</CountMetric>
					<CountMetric Id="TV" Type="Total Registered Voters">763622</CountMetric>
					<CountMetric Id="VP" Type="Voter Turnout Percentage">14.6</CountMetric>
					<CountMetric Id="FD" Type="First Report Date">20121017</CountMetric>
					<CountMetric Id="FT" Type="First Report Time">08:59 AM</CountMetric>
					<CountMetric Id="LD" Type="Last Report Date">20121017</CountMetric>
					<CountMetric Id="LT" Type="Last Report Time">08:59 AM</CountMetric>
				</ReportingUnitVotes>
				<ReportingUnitVotes>
					<ReportingUnitIdentifier Id="44">Santa Cruz</ReportingUnitIdentifier>
					<CountMetric Id="RT" Type="Report Type">1</CountMetric>
					<CountMetric Id="PR" Type="Precincts Reporting">38</CountMetric>
					<CountMetric Id="TP" Type="Total Precincts">253</CountMetric>
					<CountMetric Id="PP" Type="Precincts Reporting Percentage">15.0</CountMetric>
					<CountMetric Id="VT" Type="Voter Turnout">21398</CountMetric>
					<CountMetric Id="TV" Type="Total Registered Voters">147024</CountMetric>
					<CountMetric Id="VP" Type="Voter Turnout Percentage">14.6</CountMetric>
					<CountMetric Id="FD" Type="First Report Date">20121017</CountMetric>
					<CountMetric Id="FT" Type="First Report Time">09:24 AM</CountMetric>
					<CountMetric Id="LD" Type="Last Report Date">20121017</CountMetric>
					<CountMetric Id="LT" Type="Last Report Time">09:24 AM</CountMetric>
				</ReportingUnitVotes>
				<ReportingUnitVotes>
					<ReportingUnitIdentifier Id="45">Shasta</ReportingUnitIdentifier>
					<CountMetric Id="RT" Type="Report Type">1</CountMetric>
					<CountMetric Id="PR" Type="Precincts Reporting">86</CountMetric>
					<CountMetric Id="TP" Type="Total Precincts">142</CountMetric>
					<CountMetric Id="PP" Type="Precincts Reporting Percentage">60.6</CountMetric>
					<CountMetric Id="VT" Type="Voter Turnout">56359</CountMetric>
					<CountMetric Id="TV" Type="Total Registered Voters">95938</CountMetric>
					<CountMetric Id="VP" Type="Voter Turnout Percentage">58.7</CountMetric>
					<CountMetric Id="FD" Type="First Report Date">20121017</CountMetric>
					<CountMetric Id="FT" Type="First Report Time">08:04 AM</CountMetric>
					<CountMetric Id="LD" Type="Last Report Date">20121017</CountMetric>
					<CountMetric Id="LT" Type="Last Report Time">09:21 AM</CountMetric>
				</ReportingUnitVotes>
				<ReportingUnitVotes>
					<ReportingUnitIdentifier Id="46">Sierra</ReportingUnitIdentifier>
					<CountMetric Id="RT" Type="Report Type">1</CountMetric>
					<CountMetric Id="PR" Type="Precincts Reporting">13</CountMetric>
					<CountMetric Id="TP" Type="Total Precincts">22</CountMetric>
					<CountMetric Id="PP" Type="Precincts Reporting Percentage">59.1</CountMetric>
					<CountMetric Id="VT" Type="Voter Turnout">1330</CountMetric>
					<CountMetric Id="TV" Type="Total Registered Voters">2254</CountMetric>
					<CountMetric Id="VP" Type="Voter Turnout Percentage">59.0</CountMetric>
					<CountMetric Id="FD" Type="First Report Date">20121017</CountMetric>
					<CountMetric Id="FT" Type="First Report Time">08:06 AM</CountMetric>
					<CountMetric Id="LD" Type="Last Report Date">20121017</CountMetric>
					<CountMetric Id="LT" Type="Last Report Time">09:22 AM</CountMetric>
				</ReportingUnitVotes>
				<ReportingUnitVotes>
					<ReportingUnitIdentifier Id="47">Siskiyou</ReportingUnitIdentifier>
					<CountMetric Id="RT" Type="Report Type">1</CountMetric>
					<CountMetric Id="PR" Type="Precincts Reporting">9</CountMetric>
					<CountMetric Id="TP" Type="Total Precincts">60</CountMetric>
					<CountMetric Id="PP" Type="Precincts Reporting Percentage">15.0</CountMetric>
					<CountMetric Id="VT" Type="Voter Turnout">3677</CountMetric>
					<CountMetric Id="TV" Type="Total Registered Voters">25230</CountMetric>
					<CountMetric Id="VP" Type="Voter Turnout Percentage">14.6</CountMetric>
					<CountMetric Id="FD" Type="First Report Date">20121017</CountMetric>
					<CountMetric Id="FT" Type="First Report Time">09:26 AM</CountMetric>
					<CountMetric Id="LD" Type="Last Report Date">20121017</CountMetric>
					<CountMetric Id="LT" Type="Last Report Time">09:26 AM</CountMetric>
				</ReportingUnitVotes>
				<ReportingUnitVotes>
					<ReportingUnitIdentifier Id="48">Solano</ReportingUnitIdentifier>
					<CountMetric Id="RT" Type="Report Type">2</CountMetric>
					<CountMetric Id="PR" Type="Precincts Reporting">199</CountMetric>
					<CountMetric Id="TP" Type="Total Precincts">199</CountMetric>
					<CountMetric Id="PP" Type="Precincts Reporting Percentage">100.0</CountMetric>
					<CountMetric Id="VT" Type="Voter Turnout">14935</CountMetric>
					<CountMetric Id="TV" Type="Total Registered Voters">199640</CountMetric>
					<CountMetric Id="VP" Type="Voter Turnout Percentage">7.5</CountMetric>
					<CountMetric Id="FD" Type="First Report Date">20121017</CountMetric>
					<CountMetric Id="FT" Type="First Report Time">08:04 AM</CountMetric>
					<CountMetric Id="LD" Type="Last Report Date">20121017</CountMetric>
					<CountMetric Id="LT" Type="Last Report Time">09:17 AM</CountMetric>
				</ReportingUnitVotes>
				<ReportingUnitVotes>
					<ReportingUnitIdentifier Id="49">Sonoma</ReportingUnitIdentifier>
					<CountMetric Id="RT" Type="Report Type">1</CountMetric>
					<CountMetric Id="PR" Type="Precincts Reporting">262</CountMetric>
					<CountMetric Id="TP" Type="Total Precincts">433</CountMetric>
					<CountMetric Id="PP" Type="Precincts Reporting Percentage">60.5</CountMetric>
					<CountMetric Id="VT" Type="Voter Turnout">147137</CountMetric>
					<CountMetric Id="TV" Type="Total Registered Voters">250483</CountMetric>
					<CountMetric Id="VP" Type="Voter Turnout Percentage">58.7</CountMetric>
					<CountMetric Id="FD" Type="First Report Date">20121017</CountMetric>
					<CountMetric Id="FT" Type="First Report Time">08:03 AM</CountMetric>
					<CountMetric Id="LD" Type="Last Report Date">20121017</CountMetric>
					<CountMetric Id="LT" Type="Last Report Time">09:19 AM</CountMetric>
				</ReportingUnitVotes>
				<ReportingUnitVotes>
					<ReportingUnitIdentifier Id="50">Stanislaus</ReportingUnitIdentifier>
					<CountMetric Id="RT" Type="Report Type">2</CountMetric>
					<CountMetric Id="PR" Type="Precincts Reporting">388</CountMetric>
					<CountMetric Id="TP" Type="Total Precincts">388</CountMetric>
					<CountMetric Id="PP" Type="Precincts Reporting Percentage">100.0</CountMetric>
					<CountMetric Id="VT" Type="Voter Turnout">11640</CountMetric>
					<CountMetric Id="TV" Type="Total Registered Voters">221990</CountMetric>
					<CountMetric Id="VP" Type="Voter Turnout Percentage">5.2</CountMetric>
					<CountMetric Id="FD" Type="First Report Date">20121017</CountMetric>
					<CountMetric Id="FT" Type="First Report Time">08:08 AM</CountMetric>
					<CountMetric Id="LD" Type="Last Report Date">20121017</CountMetric>
					<CountMetric Id="LT" Type="Last Report Time">08:27 AM</CountMetric>
				</ReportingUnitVotes>
				<ReportingUnitVotes>
					<ReportingUnitIdentifier Id="51">Sutter</ReportingUnitIdentifier>
					<CountMetric Id="RT" Type="Report Type">1</CountMetric>
					<CountMetric Id="PR" Type="Precincts Reporting">35</CountMetric>
					<CountMetric Id="TP" Type="Total Precincts">57</CountMetric>
					<CountMetric Id="PP" Type="Precincts Reporting Percentage">61.4</CountMetric>
					<CountMetric Id="VT" Type="Voter Turnout">23524</CountMetric>
					<CountMetric Id="TV" Type="Total Registered Voters">40038</CountMetric>
					<CountMetric Id="VP" Type="Voter Turnout Percentage">58.8</CountMetric>
					<CountMetric Id="FD" Type="First Report Date">20121017</CountMetric>
					<CountMetric Id="FT" Type="First Report Time">08:03 AM</CountMetric>
					<CountMetric Id="LD" Type="Last Report Date">20121017</CountMetric>
					<CountMetric Id="LT" Type="Last Report Time">09:19 AM</CountMetric>
				</ReportingUnitVotes>
				<ReportingUnitVotes>
					<ReportingUnitIdentifier Id="52">Tehama</ReportingUnitIdentifier>
					<CountMetric Id="RT" Type="Report Type">2</CountMetric>
					<CountMetric Id="PR" Type="Precincts Reporting">46</CountMetric>
					<CountMetric Id="TP" Type="Total Precincts">46</CountMetric>
					<CountMetric Id="PP" Type="Precincts Reporting Percentage">100.0</CountMetric>
					<CountMetric Id="VT" Type="Voter Turnout">29160</CountMetric>
					<CountMetric Id="TV" Type="Total Registered Voters">30056</CountMetric>
					<CountMetric Id="VP" Type="Voter Turnout Percentage">97.0</CountMetric>
					<CountMetric Id="FD" Type="First Report Date">20121017</CountMetric>
					<CountMetric Id="FT" Type="First Report Time">08:11 AM</CountMetric>
					<CountMetric Id="LD" Type="Last Report Date">20121017</CountMetric>
					<CountMetric Id="LT" Type="Last Report Time">08:28 AM</CountMetric>
				</ReportingUnitVotes>
				<ReportingUnitVotes>
					<ReportingUnitIdentifier Id="53">Trinity</ReportingUnitIdentifier>
					<CountMetric Id="RT" Type="Report Type">1</CountMetric>
					<CountMetric Id="PR" Type="Precincts Reporting">15</CountMetric>
					<CountMetric Id="TP" Type="Total Precincts">25</CountMetric>
					<CountMetric Id="PP" Type="Precincts Reporting Percentage">60.0</CountMetric>
					<CountMetric Id="VT" Type="Voter Turnout">4697</CountMetric>
					<CountMetric Id="TV" Type="Total Registered Voters">7987</CountMetric>
					<CountMetric Id="VP" Type="Voter Turnout Percentage">58.8</CountMetric>
					<CountMetric Id="FD" Type="First Report Date">20121017</CountMetric>
					<CountMetric Id="FT" Type="First Report Time">08:03 AM</CountMetric>
					<CountMetric Id="LD" Type="Last Report Date">20121017</CountMetric>
					<CountMetric Id="LT" Type="Last Report Time">09:19 AM</CountMetric>
				</ReportingUnitVotes>
				<ReportingUnitVotes>
					<ReportingUnitIdentifier Id="54">Tulare</ReportingUnitIdentifier>
					<CountMetric Id="RT" Type="Report Type">2</CountMetric>
					<CountMetric Id="PR" Type="Precincts Reporting">263</CountMetric>
					<CountMetric Id="TP" Type="Total Precincts">263</CountMetric>
					<CountMetric Id="PP" Type="Precincts Reporting Percentage">100.0</CountMetric>
					<CountMetric Id="VT" Type="Voter Turnout">134488</CountMetric>
					<CountMetric Id="TV" Type="Total Registered Voters">138641</CountMetric>
					<CountMetric Id="VP" Type="Voter Turnout Percentage">97.0</CountMetric>
					<CountMetric Id="FD" Type="First Report Date">20121017</CountMetric>
					<CountMetric Id="FT" Type="First Report Time">08:31 AM</CountMetric>
					<CountMetric Id="LD" Type="Last Report Date">20121017</CountMetric>
					<CountMetric Id="LT" Type="Last Report Time">09:07 AM</CountMetric>
				</ReportingUnitVotes>
				<ReportingUnitVotes>
					<ReportingUnitIdentifier Id="55">Tuolumne</ReportingUnitIdentifier>
					<CountMetric Id="RT" Type="Report Type">1</CountMetric>
					<CountMetric Id="PR" Type="Precincts Reporting">40</CountMetric>
					<CountMetric Id="TP" Type="Total Precincts">73</CountMetric>
					<CountMetric Id="PP" Type="Precincts Reporting Percentage">54.8</CountMetric>
					<CountMetric Id="VT" Type="Voter Turnout">16467</CountMetric>
					<CountMetric Id="TV" Type="Total Registered Voters">31170</CountMetric>
					<CountMetric Id="VP" Type="Voter Turnout Percentage">52.8</CountMetric>
					<CountMetric Id="FD" Type="First Report Date">20121017</CountMetric>
					<CountMetric Id="FT" Type="First Report Time">08:09 AM</CountMetric>
					<CountMetric Id="LD" Type="Last Report Date">20121017</CountMetric>
					<CountMetric Id="LT" Type="Last Report Time">09:09 AM</CountMetric>
				</ReportingUnitVotes>
				<ReportingUnitVotes>
					<ReportingUnitIdentifier Id="56">Ventura</ReportingUnitIdentifier>
					<CountMetric Id="RT" Type="Report Type">2</CountMetric>
					<CountMetric Id="PR" Type="Precincts Reporting">630</CountMetric>
					<CountMetric Id="TP" Type="Total Precincts">630</CountMetric>
					<CountMetric Id="PP" Type="Precincts Reporting Percentage">100.0</CountMetric>
					<CountMetric Id="VT" Type="Voter Turnout">395406</CountMetric>
					<CountMetric Id="TV" Type="Total Registered Voters">407629</CountMetric>
					<CountMetric Id="VP" Type="Voter Turnout Percentage">97.0</CountMetric>
					<CountMetric Id="FD" Type="First Report Date">20121017</CountMetric>
					<CountMetric Id="FT" Type="First Report Time">08:36 AM</CountMetric>
					<CountMetric Id="LD" Type="Last Report Date">20121017</CountMetric>
					<CountMetric Id="LT" Type="Last Report Time">09:11 AM</CountMetric>
				</ReportingUnitVotes>
				<ReportingUnitVotes>
					<ReportingUnitIdentifier Id="57">Yolo</ReportingUnitIdentifier>
					<CountMetric Id="RT" Type="Report Type">1</CountMetric>
					<CountMetric Id="PR" Type="Precincts Reporting">64</CountMetric>
					<CountMetric Id="TP" Type="Total Precincts">117</CountMetric>
					<CountMetric Id="PP" Type="Precincts Reporting Percentage">54.7</CountMetric>
					<CountMetric Id="VT" Type="Voter Turnout">48594</CountMetric>
					<CountMetric Id="TV" Type="Total Registered Voters">92004</CountMetric>
					<CountMetric Id="VP" Type="Voter Turnout Percentage">52.8</CountMetric>
					<CountMetric Id="FD" Type="First Report Date">20121017</CountMetric>
					<CountMetric Id="FT" Type="First Report Time">08:10 AM</CountMetric>
					<CountMetric Id="LD" Type="Last Report Date">20121017</CountMetric>
					<CountMetric Id="LT" Type="Last Report Time">09:10 AM</CountMetric>
				</ReportingUnitVotes>
				<ReportingUnitVotes>
					<ReportingUnitIdentifier Id="58">Yuba</ReportingUnitIdentifier>
					<CountMetric Id="RT" Type="Report Type">1</CountMetric>
					<CountMetric Id="PR" Type="Precincts Reporting">7</CountMetric>
					<CountMetric Id="TP" Type="Total Precincts">46</CountMetric>
					<CountMetric Id="PP" Type="Precincts Reporting Percentage">15.2</CountMetric>
					<CountMetric Id="VT" Type="Voter Turnout">4358</CountMetric>
					<CountMetric Id="TV" Type="Total Registered Voters">28337</CountMetric>
					<CountMetric Id="VP" Type="Voter Turnout Percentage">15.4</CountMetric>
					<CountMetric Id="FD" Type="First Report Date">20121017</CountMetric>
					<CountMetric Id="FT" Type="First Report Time">08:16 AM</CountMetric>
					<CountMetric Id="LD" Type="Last Report Date">20121017</CountMetric>
					<CountMetric Id="LT" Type="Last Report Time">08:16 AM</CountMetric>
				</ReportingUnitVotes>
			</Contests>
		</Election>
	</Count>
</EML>
