<?xml version="1.0" encoding="UTF-8" ?>
<EML Id="510" SchemaVersion="5.0">
	<TransactionId>703</TransactionId>
	<MessageLanguage>en-US</MessageLanguage>
	<IssueDate>2012-10-17T09:09:26-07:00</IssueDate>
	<Count>
		<EventIdentifier Id="California_2012_Statewide_Presidential_General_Election_TEST_DATA" />
		<Election>
			<ElectionIdentifier Id="20121106" />
			<Contests>
			<Contest>
				<ContestIdentifier Id="100000000001" DisplayOrder="2">
					<ContestName>U.S. Senate</ContestName>
				</ContestIdentifier>
				<TotalVotes>
					<CountMetric Id="PR" Type="Precincts Reporting">6634</CountMetric>
					<CountMetric Id="TP" Type="Total Precincts">24490</CountMetric>
					<CountMetric Id="RT" Type="ReportType">1</CountMetric>
					<Selection>
						<Candidate>
							<CandidateIdentifier Id="173" DisplayOrder="1">
								<CandidateName>Dianne&nbsp;Feinstein</CandidateName>
							</CandidateIdentifier>
							<Affiliation>
								<AffiliationIdentifier Id="Party">
									<RegisteredName />
								</AffiliationIdentifier>
								<Type>Democratic</Type>
							</Affiliation>
						</Candidate>
						<ValidVotes>1727637</ValidVotes>
						<CountMetric Id="PVP" Type="Percent Votes in Party">100.0</CountMetric>
						<CountMetric Id="PVR" Type="Percent Votes in Race">51.5</CountMetric>
					</Selection>
					<Selection>
						<Candidate>
							<CandidateIdentifier Id="396" DisplayOrder="2">
								<CandidateName>Elizabeth&nbsp;Emken</CandidateName>
							</CandidateIdentifier>
							<Affiliation>
								<AffiliationIdentifier Id="Party">
									<RegisteredName />
								</AffiliationIdentifier>
								<Type>Republican</Type>
							</Affiliation>
						</Candidate>
						<ValidVotes>1630012</ValidVotes>
						<CountMetric Id="PVP" Type="Percent Votes in Party">100.0</CountMetric>
						<CountMetric Id="PVR" Type="Percent Votes in Race">48.5</CountMetric>
					</Selection>
				</TotalVotes>
				<ReportingUnitVotes>
					<ReportingUnitIdentifier Id="1">Alameda</ReportingUnitIdentifier>
					<CountMetric Id="PR" Type="Precincts Reporting">471</CountMetric>
					<CountMetric Id="TP" Type="Total Precincts">1100</CountMetric>
					<CountMetric Id="RT" Type="ReportType">1</CountMetric>
					<Selection>
						<Candidate>
							<CandidateIdentifier Id="173" DisplayOrder="1">
								<CandidateName>Dianne&nbsp;Feinstein</CandidateName>
							</CandidateIdentifier>
							<Affiliation>
								<AffiliationIdentifier Id="Party">
									<RegisteredName />
								</AffiliationIdentifier>
								<Type>Democratic</Type>
							</Affiliation>
						</Candidate>
						<ValidVotes>100401</ValidVotes>
						<CountMetric Id="PVP" Type="Percent Votes in Party">100.0</CountMetric>
						<CountMetric Id="PVR" Type="Percent Votes in Race">32.0</CountMetric>
					</Selection>
					<Selection>
						<Candidate>
							<CandidateIdentifier Id="396" DisplayOrder="2">
								<CandidateName>Elizabeth&nbsp;Emken</CandidateName>
							</CandidateIdentifier>
							<Affiliation>
								<AffiliationIdentifier Id="Party">
									<RegisteredName />
								</AffiliationIdentifier>
								<Type>Republican</Type>
							</Affiliation>
						</Candidate>
						<ValidVotes>213353</ValidVotes>
						<CountMetric Id="PVP" Type="Percent Votes in Party">100.0</CountMetric>
						<CountMetric Id="PVR" Type="Percent Votes in Race">68.0</CountMetric>
					</Selection>
				</ReportingUnitVotes>
				<ReportingUnitVotes>
					<ReportingUnitIdentifier Id="2">Alpine</ReportingUnitIdentifier>
					<CountMetric Id="PR" Type="Precincts Reporting">5</CountMetric>
					<CountMetric Id="TP" Type="Total Precincts">5</CountMetric>
					<CountMetric Id="RT" Type="ReportType">2</CountMetric>
					<Selection>
						<Candidate>
							<CandidateIdentifier Id="173" DisplayOrder="1">
								<CandidateName>Dianne&nbsp;Feinstein</CandidateName>
							</CandidateIdentifier>
							<Affiliation>
								<AffiliationIdentifier Id="Party">
									<RegisteredName />
								</AffiliationIdentifier>
								<Type>Democratic</Type>
							</Affiliation>
						</Candidate>
						<ValidVotes>22</ValidVotes>
						<CountMetric Id="PVP" Type="Percent Votes in Party">100.0</CountMetric>
						<CountMetric Id="PVR" Type="Percent Votes in Race">3.0</CountMetric>
					</Selection>
					<Selection>
						<Candidate>
							<CandidateIdentifier Id="396" DisplayOrder="2">
								<CandidateName>Elizabeth&nbsp;Emken</CandidateName>
							</CandidateIdentifier>
							<Affiliation>
								<AffiliationIdentifier Id="Party">
									<RegisteredName />
								</AffiliationIdentifier>
								<Type>Republican</Type>
							</Affiliation>
						</Candidate>
						<ValidVotes>716</ValidVotes>
						<CountMetric Id="PVP" Type="Percent Votes in Party">100.0</CountMetric>
						<CountMetric Id="PVR" Type="Percent Votes in Race">97.0</CountMetric>
					</Selection>
				</ReportingUnitVotes>
				<ReportingUnitVotes>
					<ReportingUnitIdentifier Id="3">Amador</ReportingUnitIdentifier>
					<CountMetric Id="PR" Type="Precincts Reporting">37</CountMetric>
					<CountMetric Id="TP" Type="Total Precincts">59</CountMetric>
					<CountMetric Id="RT" Type="ReportType">1</CountMetric>
					<Selection>
						<Candidate>
							<CandidateIdentifier Id="173" DisplayOrder="1">
								<CandidateName>Dianne&nbsp;Feinstein</CandidateName>
							</CandidateIdentifier>
							<Affiliation>
								<AffiliationIdentifier Id="Party">
									<RegisteredName />
								</AffiliationIdentifier>
								<Type>Democratic</Type>
							</Affiliation>
						</Candidate>
						<ValidVotes>10396</ValidVotes>
						<CountMetric Id="PVP" Type="Percent Votes in Party">100.0</CountMetric>
						<CountMetric Id="PVR" Type="Percent Votes in Race">81.0</CountMetric>
					</Selection>
					<Selection>
						<Candidate>
							<CandidateIdentifier Id="396" DisplayOrder="2">
								<CandidateName>Elizabeth&nbsp;Emken</CandidateName>
							</CandidateIdentifier>
							<Affiliation>
								<AffiliationIdentifier Id="Party">
									<RegisteredName />
								</AffiliationIdentifier>
								<Type>Republican</Type>
							</Affiliation>
						</Candidate>
						<ValidVotes>2438</ValidVotes>
						<CountMetric Id="PVP" Type="Percent Votes in Party">100.0</CountMetric>
						<CountMetric Id="PVR" Type="Percent Votes in Race">19.0</CountMetric>
					</Selection>
				</ReportingUnitVotes>
				<ReportingUnitVotes>
					<ReportingUnitIdentifier Id="4">Butte</ReportingUnitIdentifier>
					<CountMetric Id="PR" Type="Precincts Reporting">114</CountMetric>
					<CountMetric Id="TP" Type="Total Precincts">155</CountMetric>
					<CountMetric Id="RT" Type="ReportType">1</CountMetric>
					<Selection>
						<Candidate>
							<CandidateIdentifier Id="173" DisplayOrder="1">
								<CandidateName>Dianne&nbsp;Feinstein</CandidateName>
							</CandidateIdentifier>
							<Affiliation>
								<AffiliationIdentifier Id="Party">
									<RegisteredName />
								</AffiliationIdentifier>
								<Type>Democratic</Type>
							</Affiliation>
						</Candidate>
						<ValidVotes>40731</ValidVotes>
						<CountMetric Id="PVP" Type="Percent Votes in Party">100.0</CountMetric>
						<CountMetric Id="PVR" Type="Percent Votes in Race">50.0</CountMetric>
					</Selection>
					<Selection>
						<Candidate>
							<CandidateIdentifier Id="396" DisplayOrder="2">
								<CandidateName>Elizabeth&nbsp;Emken</CandidateName>
							</CandidateIdentifier>
							<Affiliation>
								<AffiliationIdentifier Id="Party">
									<RegisteredName />
								</AffiliationIdentifier>
								<Type>Republican</Type>
							</Affiliation>
						</Candidate>
						<ValidVotes>40730</ValidVotes>
						<CountMetric Id="PVP" Type="Percent Votes in Party">100.0</CountMetric>
						<CountMetric Id="PVR" Type="Percent Votes in Race">50.0</CountMetric>
					</Selection>
				</ReportingUnitVotes>
				<ReportingUnitVotes>
					<ReportingUnitIdentifier Id="5">Calaveras</ReportingUnitIdentifier>
					<CountMetric Id="PR" Type="Precincts Reporting">36</CountMetric>
					<CountMetric Id="TP" Type="Total Precincts">36</CountMetric>
					<CountMetric Id="RT" Type="ReportType">2</CountMetric>
					<Selection>
						<Candidate>
							<CandidateIdentifier Id="173" DisplayOrder="1">
								<CandidateName>Dianne&nbsp;Feinstein</CandidateName>
							</CandidateIdentifier>
							<Affiliation>
								<AffiliationIdentifier Id="Party">
									<RegisteredName />
								</AffiliationIdentifier>
								<Type>Democratic</Type>
							</Affiliation>
						</Candidate>
						<ValidVotes>14546</ValidVotes>
						<CountMetric Id="PVP" Type="Percent Votes in Party">100.0</CountMetric>
						<CountMetric Id="PVR" Type="Percent Votes in Race">53.0</CountMetric>
					</Selection>
					<Selection>
						<Candidate>
							<CandidateIdentifier Id="396" DisplayOrder="2">
								<CandidateName>Elizabeth&nbsp;Emken</CandidateName>
							</CandidateIdentifier>
							<Affiliation>
								<AffiliationIdentifier Id="Party">
									<RegisteredName />
								</AffiliationIdentifier>
								<Type>Republican</Type>
							</Affiliation>
						</Candidate>
						<ValidVotes>12900</ValidVotes>
						<CountMetric Id="PVP" Type="Percent Votes in Party">100.0</CountMetric>
						<CountMetric Id="PVR" Type="Percent Votes in Race">47.0</CountMetric>
					</Selection>
				</ReportingUnitVotes>
				<ReportingUnitVotes>
					<ReportingUnitIdentifier Id="6">Colusa</ReportingUnitIdentifier>
					<CountMetric Id="PR" Type="Precincts Reporting">8</CountMetric>
					<CountMetric Id="TP" Type="Total Precincts">18</CountMetric>
					<CountMetric Id="RT" Type="ReportType">1</CountMetric>
					<Selection>
						<Candidate>
							<CandidateIdentifier Id="173" DisplayOrder="1">
								<CandidateName>Dianne&nbsp;Feinstein</CandidateName>
							</CandidateIdentifier>
							<Affiliation>
								<AffiliationIdentifier Id="Party">
									<RegisteredName />
								</AffiliationIdentifier>
								<Type>Democratic</Type>
							</Affiliation>
						</Candidate>
						<ValidVotes>1914</ValidVotes>
						<CountMetric Id="PVP" Type="Percent Votes in Party">100.0</CountMetric>
						<CountMetric Id="PVR" Type="Percent Votes in Race">61.0</CountMetric>
					</Selection>
					<Selection>
						<Candidate>
							<CandidateIdentifier Id="396" DisplayOrder="2">
								<CandidateName>Elizabeth&nbsp;Emken</CandidateName>
							</CandidateIdentifier>
							<Affiliation>
								<AffiliationIdentifier Id="Party">
									<RegisteredName />
								</AffiliationIdentifier>
								<Type>Republican</Type>
							</Affiliation>
						</Candidate>
						<ValidVotes>1224</ValidVotes>
						<CountMetric Id="PVP" Type="Percent Votes in Party">100.0</CountMetric>
						<CountMetric Id="PVR" Type="Percent Votes in Race">39.0</CountMetric>
					</Selection>
				</ReportingUnitVotes>
				<ReportingUnitVotes>
					<ReportingUnitIdentifier Id="7">Contra Costa</ReportingUnitIdentifier>
					<CountMetric Id="PR" Type="Precincts Reporting">361</CountMetric>
					<CountMetric Id="TP" Type="Total Precincts">834</CountMetric>
					<CountMetric Id="RT" Type="ReportType">1</CountMetric>
					<Selection>
						<Candidate>
							<CandidateIdentifier Id="173" DisplayOrder="1">
								<CandidateName>Dianne&nbsp;Feinstein</CandidateName>
							</CandidateIdentifier>
							<Affiliation>
								<AffiliationIdentifier Id="Party">
									<RegisteredName />
								</AffiliationIdentifier>
								<Type>Democratic</Type>
							</Affiliation>
						</Candidate>
						<ValidVotes>70403</ValidVotes>
						<CountMetric Id="PVP" Type="Percent Votes in Party">100.0</CountMetric>
						<CountMetric Id="PVR" Type="Percent Votes in Race">32.0</CountMetric>
					</Selection>
					<Selection>
						<Candidate>
							<CandidateIdentifier Id="396" DisplayOrder="2">
								<CandidateName>Elizabeth&nbsp;Emken</CandidateName>
							</CandidateIdentifier>
							<Affiliation>
								<AffiliationIdentifier Id="Party">
									<RegisteredName />
								</AffiliationIdentifier>
								<Type>Republican</Type>
							</Affiliation>
						</Candidate>
						<ValidVotes>149607</ValidVotes>
						<CountMetric Id="PVP" Type="Percent Votes in Party">100.0</CountMetric>
						<CountMetric Id="PVR" Type="Percent Votes in Race">68.0</CountMetric>
					</Selection>
				</ReportingUnitVotes>
				<ReportingUnitVotes>
					<ReportingUnitIdentifier Id="8">Del Norte</ReportingUnitIdentifier>
					<CountMetric Id="PR" Type="Precincts Reporting">8</CountMetric>
					<CountMetric Id="TP" Type="Total Precincts">18</CountMetric>
					<CountMetric Id="RT" Type="ReportType">1</CountMetric>
					<Selection>
						<Candidate>
							<CandidateIdentifier Id="173" DisplayOrder="1">
								<CandidateName>Dianne&nbsp;Feinstein</CandidateName>
							</CandidateIdentifier>
							<Affiliation>
								<AffiliationIdentifier Id="Party">
									<RegisteredName />
								</AffiliationIdentifier>
								<Type>Democratic</Type>
							</Affiliation>
						</Candidate>
						<ValidVotes>3382</ValidVotes>
						<CountMetric Id="PVP" Type="Percent Votes in Party">100.0</CountMetric>
						<CountMetric Id="PVR" Type="Percent Votes in Race">70.0</CountMetric>
					</Selection>
					<Selection>
						<Candidate>
							<CandidateIdentifier Id="396" DisplayOrder="2">
								<CandidateName>Elizabeth&nbsp;Emken</CandidateName>
							</CandidateIdentifier>
							<Affiliation>
								<AffiliationIdentifier Id="Party">
									<RegisteredName />
								</AffiliationIdentifier>
								<Type>Republican</Type>
							</Affiliation>
						</Candidate>
						<ValidVotes>1449</ValidVotes>
						<CountMetric Id="PVP" Type="Percent Votes in Party">100.0</CountMetric>
						<CountMetric Id="PVR" Type="Percent Votes in Race">30.0</CountMetric>
					</Selection>
				</ReportingUnitVotes>
				<ReportingUnitVotes>
					<ReportingUnitIdentifier Id="9">El Dorado</ReportingUnitIdentifier>
					<CountMetric Id="PR" Type="Precincts Reporting">34</CountMetric>
					<CountMetric Id="TP" Type="Total Precincts">158</CountMetric>
					<CountMetric Id="RT" Type="ReportType">1</CountMetric>
					<Selection>
						<Candidate>
							<CandidateIdentifier Id="173" DisplayOrder="1">
								<CandidateName>Dianne&nbsp;Feinstein</CandidateName>
							</CandidateIdentifier>
							<Affiliation>
								<AffiliationIdentifier Id="Party">
									<RegisteredName />
								</AffiliationIdentifier>
								<Type>Democratic</Type>
							</Affiliation>
						</Candidate>
						<ValidVotes>12251</ValidVotes>
						<CountMetric Id="PVP" Type="Percent Votes in Party">100.0</CountMetric>
						<CountMetric Id="PVR" Type="Percent Votes in Race">55.0</CountMetric>
					</Selection>
					<Selection>
						<Candidate>
							<CandidateIdentifier Id="396" DisplayOrder="2">
								<CandidateName>Elizabeth&nbsp;Emken</CandidateName>
							</CandidateIdentifier>
							<Affiliation>
								<AffiliationIdentifier Id="Party">
									<RegisteredName />
								</AffiliationIdentifier>
								<Type>Republican</Type>
							</Affiliation>
						</Candidate>
						<ValidVotes>10023</ValidVotes>
						<CountMetric Id="PVP" Type="Percent Votes in Party">100.0</CountMetric>
						<CountMetric Id="PVR" Type="Percent Votes in Race">45.0</CountMetric>
					</Selection>
				</ReportingUnitVotes>
				<ReportingUnitVotes>
					<ReportingUnitIdentifier Id="10">Fresno</ReportingUnitIdentifier>
					<CountMetric Id="PR" Type="Precincts Reporting">265</CountMetric>
					<CountMetric Id="TP" Type="Total Precincts">611</CountMetric>
					<CountMetric Id="RT" Type="ReportType">1</CountMetric>
					<Selection>
						<Candidate>
							<CandidateIdentifier Id="173" DisplayOrder="1">
								<CandidateName>Dianne&nbsp;Feinstein</CandidateName>
							</CandidateIdentifier>
							<Affiliation>
								<AffiliationIdentifier Id="Party">
									<RegisteredName />
								</AffiliationIdentifier>
								<Type>Democratic</Type>
							</Affiliation>
						</Candidate>
						<ValidVotes>93944</ValidVotes>
						<CountMetric Id="PVP" Type="Percent Votes in Party">100.0</CountMetric>
						<CountMetric Id="PVR" Type="Percent Votes in Race">57.0</CountMetric>
					</Selection>
					<Selection>
						<Candidate>
							<CandidateIdentifier Id="396" DisplayOrder="2">
								<CandidateName>Elizabeth&nbsp;Emken</CandidateName>
							</CandidateIdentifier>
							<Affiliation>
								<AffiliationIdentifier Id="Party">
									<RegisteredName />
								</AffiliationIdentifier>
								<Type>Republican</Type>
							</Affiliation>
						</Candidate>
						<ValidVotes>70870</ValidVotes>
						<CountMetric Id="PVP" Type="Percent Votes in Party">100.0</CountMetric>
						<CountMetric Id="PVR" Type="Percent Votes in Race">43.0</CountMetric>
					</Selection>
				</ReportingUnitVotes>
				<ReportingUnitVotes>
					<ReportingUnitIdentifier Id="11">Glenn</ReportingUnitIdentifier>
					<CountMetric Id="PR" Type="Precincts Reporting">0</CountMetric>
					<CountMetric Id="TP" Type="Total Precincts">34</CountMetric>
					<CountMetric Id="RT" Type="ReportType">0</CountMetric>
					<Selection>
						<Candidate>
							<CandidateIdentifier Id="173" DisplayOrder="1">
								<CandidateName>Dianne&nbsp;Feinstein</CandidateName>
							</CandidateIdentifier>
							<Affiliation>
								<AffiliationIdentifier Id="Party">
									<RegisteredName />
								</AffiliationIdentifier>
								<Type>Democratic</Type>
							</Affiliation>
						</Candidate>
						<ValidVotes>0</ValidVotes>
						<CountMetric Id="PVP" Type="Percent Votes in Party">0.0</CountMetric>
						<CountMetric Id="PVR" Type="Percent Votes in Race">0.0</CountMetric>
					</Selection>
					<Selection>
						<Candidate>
							<CandidateIdentifier Id="396" DisplayOrder="2">
								<CandidateName>Elizabeth&nbsp;Emken</CandidateName>
							</CandidateIdentifier>
							<Affiliation>
								<AffiliationIdentifier Id="Party">
									<RegisteredName />
								</AffiliationIdentifier>
								<Type>Republican</Type>
							</Affiliation>
						</Candidate>
						<ValidVotes>0</ValidVotes>
						<CountMetric Id="PVP" Type="Percent Votes in Party">0.0</CountMetric>
						<CountMetric Id="PVR" Type="Percent Votes in Race">0.0</CountMetric>
					</Selection>
				</ReportingUnitVotes>
				<ReportingUnitVotes>
					<ReportingUnitIdentifier Id="12">Humboldt</ReportingUnitIdentifier>
					<CountMetric Id="PR" Type="Precincts Reporting">129</CountMetric>
					<CountMetric Id="TP" Type="Total Precincts">129</CountMetric>
					<CountMetric Id="RT" Type="ReportType">2</CountMetric>
					<Selection>
						<Candidate>
							<CandidateIdentifier Id="173" DisplayOrder="1">
								<CandidateName>Dianne&nbsp;Feinstein</CandidateName>
							</CandidateIdentifier>
							<Affiliation>
								<AffiliationIdentifier Id="Party">
									<RegisteredName />
								</AffiliationIdentifier>
								<Type>Democratic</Type>
							</Affiliation>
						</Candidate>
						<ValidVotes>14746</ValidVotes>
						<CountMetric Id="PVP" Type="Percent Votes in Party">100.0</CountMetric>
						<CountMetric Id="PVR" Type="Percent Votes in Race">20.0</CountMetric>
					</Selection>
					<Selection>
						<Candidate>
							<CandidateIdentifier Id="396" DisplayOrder="2">
								<CandidateName>Elizabeth&nbsp;Emken</CandidateName>
							</CandidateIdentifier>
							<Affiliation>
								<AffiliationIdentifier Id="Party">
									<RegisteredName />
								</AffiliationIdentifier>
								<Type>Republican</Type>
							</Affiliation>
						</Candidate>
						<ValidVotes>58982</ValidVotes>
						<CountMetric Id="PVP" Type="Percent Votes in Party">100.0</CountMetric>
						<CountMetric Id="PVR" Type="Percent Votes in Race">80.0</CountMetric>
					</Selection>
				</ReportingUnitVotes>
				<ReportingUnitVotes>
					<ReportingUnitIdentifier Id="13">Imperial</ReportingUnitIdentifier>
					<CountMetric Id="PR" Type="Precincts Reporting">68</CountMetric>
					<CountMetric Id="TP" Type="Total Precincts">158</CountMetric>
					<CountMetric Id="RT" Type="ReportType">1</CountMetric>
					<Selection>
						<Candidate>
							<CandidateIdentifier Id="173" DisplayOrder="1">
								<CandidateName>Dianne&nbsp;Feinstein</CandidateName>
							</CandidateIdentifier>
							<Affiliation>
								<AffiliationIdentifier Id="Party">
									<RegisteredName />
								</AffiliationIdentifier>
								<Type>Democratic</Type>
							</Affiliation>
						</Candidate>
						<ValidVotes>711</ValidVotes>
						<CountMetric Id="PVP" Type="Percent Votes in Party">100.0</CountMetric>
						<CountMetric Id="PVR" Type="Percent Votes in Race">3.0</CountMetric>
					</Selection>
					<Selection>
						<Candidate>
							<CandidateIdentifier Id="396" DisplayOrder="2">
								<CandidateName>Elizabeth&nbsp;Emken</CandidateName>
							</CandidateIdentifier>
							<Affiliation>
								<AffiliationIdentifier Id="Party">
									<RegisteredName />
								</AffiliationIdentifier>
								<Type>Republican</Type>
							</Affiliation>
						</Candidate>
						<ValidVotes>22984</ValidVotes>
						<CountMetric Id="PVP" Type="Percent Votes in Party">100.0</CountMetric>
						<CountMetric Id="PVR" Type="Percent Votes in Race">97.0</CountMetric>
					</Selection>
				</ReportingUnitVotes>
				<ReportingUnitVotes>
					<ReportingUnitIdentifier Id="14">Inyo</ReportingUnitIdentifier>
					<CountMetric Id="PR" Type="Precincts Reporting">2</CountMetric>
					<CountMetric Id="TP" Type="Total Precincts">24</CountMetric>
					<CountMetric Id="RT" Type="ReportType">1</CountMetric>
					<Selection>
						<Candidate>
							<CandidateIdentifier Id="173" DisplayOrder="1">
								<CandidateName>Dianne&nbsp;Feinstein</CandidateName>
							</CandidateIdentifier>
							<Affiliation>
								<AffiliationIdentifier Id="Party">
									<RegisteredName />
								</AffiliationIdentifier>
								<Type>Democratic</Type>
							</Affiliation>
						</Candidate>
						<ValidVotes>436</ValidVotes>
						<CountMetric Id="PVP" Type="Percent Votes in Party">100.0</CountMetric>
						<CountMetric Id="PVR" Type="Percent Votes in Race">47.0</CountMetric>
					</Selection>
					<Selection>
						<Candidate>
							<CandidateIdentifier Id="396" DisplayOrder="2">
								<CandidateName>Elizabeth&nbsp;Emken</CandidateName>
							</CandidateIdentifier>
							<Affiliation>
								<AffiliationIdentifier Id="Party">
									<RegisteredName />
								</AffiliationIdentifier>
								<Type>Republican</Type>
							</Affiliation>
						</Candidate>
						<ValidVotes>491</ValidVotes>
						<CountMetric Id="PVP" Type="Percent Votes in Party">100.0</CountMetric>
						<CountMetric Id="PVR" Type="Percent Votes in Race">53.0</CountMetric>
					</Selection>
				</ReportingUnitVotes>
				<ReportingUnitVotes>
					<ReportingUnitIdentifier Id="15">Kern</ReportingUnitIdentifier>
					<CountMetric Id="PR" Type="Precincts Reporting">296</CountMetric>
					<CountMetric Id="TP" Type="Total Precincts">583</CountMetric>
					<CountMetric Id="RT" Type="ReportType">1</CountMetric>
					<Selection>
						<Candidate>
							<CandidateIdentifier Id="173" DisplayOrder="1">
								<CandidateName>Dianne&nbsp;Feinstein</CandidateName>
							</CandidateIdentifier>
							<Affiliation>
								<AffiliationIdentifier Id="Party">
									<RegisteredName />
								</AffiliationIdentifier>
								<Type>Democratic</Type>
							</Affiliation>
						</Candidate>
						<ValidVotes>49857</ValidVotes>
						<CountMetric Id="PVP" Type="Percent Votes in Party">100.0</CountMetric>
						<CountMetric Id="PVR" Type="Percent Votes in Race">32.0</CountMetric>
					</Selection>
					<Selection>
						<Candidate>
							<CandidateIdentifier Id="396" DisplayOrder="2">
								<CandidateName>Elizabeth&nbsp;Emken</CandidateName>
							</CandidateIdentifier>
							<Affiliation>
								<AffiliationIdentifier Id="Party">
									<RegisteredName />
								</AffiliationIdentifier>
								<Type>Republican</Type>
							</Affiliation>
						</Candidate>
						<ValidVotes>105947</ValidVotes>
						<CountMetric Id="PVP" Type="Percent Votes in Party">100.0</CountMetric>
						<CountMetric Id="PVR" Type="Percent Votes in Race">68.0</CountMetric>
					</Selection>
				</ReportingUnitVotes>
				<ReportingUnitVotes>
					<ReportingUnitIdentifier Id="16">Kings</ReportingUnitIdentifier>
					<CountMetric Id="PR" Type="Precincts Reporting">91</CountMetric>
					<CountMetric Id="TP" Type="Total Precincts">182</CountMetric>
					<CountMetric Id="RT" Type="ReportType">1</CountMetric>
					<Selection>
						<Candidate>
							<CandidateIdentifier Id="173" DisplayOrder="1">
								<CandidateName>Dianne&nbsp;Feinstein</CandidateName>
							</CandidateIdentifier>
							<Affiliation>
								<AffiliationIdentifier Id="Party">
									<RegisteredName />
								</AffiliationIdentifier>
								<Type>Democratic</Type>
							</Affiliation>
						</Candidate>
						<ValidVotes>5679</ValidVotes>
						<CountMetric Id="PVP" Type="Percent Votes in Party">100.0</CountMetric>
						<CountMetric Id="PVR" Type="Percent Votes in Race">25.0</CountMetric>
					</Selection>
					<Selection>
						<Candidate>
							<CandidateIdentifier Id="396" DisplayOrder="2">
								<CandidateName>Elizabeth&nbsp;Emken</CandidateName>
							</CandidateIdentifier>
							<Affiliation>
								<AffiliationIdentifier Id="Party">
									<RegisteredName />
								</AffiliationIdentifier>
								<Type>Republican</Type>
							</Affiliation>
						</Candidate>
						<ValidVotes>17035</ValidVotes>
						<CountMetric Id="PVP" Type="Percent Votes in Party">100.0</CountMetric>
						<CountMetric Id="PVR" Type="Percent Votes in Race">75.0</CountMetric>
					</Selection>
				</ReportingUnitVotes>
				<ReportingUnitVotes>
					<ReportingUnitIdentifier Id="17">Lake</ReportingUnitIdentifier>
					<CountMetric Id="PR" Type="Precincts Reporting">35</CountMetric>
					<CountMetric Id="TP" Type="Total Precincts">70</CountMetric>
					<CountMetric Id="RT" Type="ReportType">1</CountMetric>
					<Selection>
						<Candidate>
							<CandidateIdentifier Id="173" DisplayOrder="1">
								<CandidateName>Dianne&nbsp;Feinstein</CandidateName>
							</CandidateIdentifier>
							<Affiliation>
								<AffiliationIdentifier Id="Party">
									<RegisteredName />
								</AffiliationIdentifier>
								<Type>Democratic</Type>
							</Affiliation>
						</Candidate>
						<ValidVotes>10392</ValidVotes>
						<CountMetric Id="PVP" Type="Percent Votes in Party">100.0</CountMetric>
						<CountMetric Id="PVR" Type="Percent Votes in Race">63.0</CountMetric>
					</Selection>
					<Selection>
						<Candidate>
							<CandidateIdentifier Id="396" DisplayOrder="2">
								<CandidateName>Elizabeth&nbsp;Emken</CandidateName>
							</CandidateIdentifier>
							<Affiliation>
								<AffiliationIdentifier Id="Party">
									<RegisteredName />
								</AffiliationIdentifier>
								<Type>Republican</Type>
							</Affiliation>
						</Candidate>
						<ValidVotes>6103</ValidVotes>
						<CountMetric Id="PVP" Type="Percent Votes in Party">100.0</CountMetric>
						<CountMetric Id="PVR" Type="Percent Votes in Race">37.0</CountMetric>
					</Selection>
				</ReportingUnitVotes>
				<ReportingUnitVotes>
					<ReportingUnitIdentifier Id="18">Lassen</ReportingUnitIdentifier>
					<CountMetric Id="PR" Type="Precincts Reporting">28</CountMetric>
					<CountMetric Id="TP" Type="Total Precincts">55</CountMetric>
					<CountMetric Id="RT" Type="ReportType">1</CountMetric>
					<Selection>
						<Candidate>
							<CandidateIdentifier Id="173" DisplayOrder="1">
								<CandidateName>Dianne&nbsp;Feinstein</CandidateName>
							</CandidateIdentifier>
							<Affiliation>
								<AffiliationIdentifier Id="Party">
									<RegisteredName />
								</AffiliationIdentifier>
								<Type>Democratic</Type>
							</Affiliation>
						</Candidate>
						<ValidVotes>4166</ValidVotes>
						<CountMetric Id="PVP" Type="Percent Votes in Party">100.0</CountMetric>
						<CountMetric Id="PVR" Type="Percent Votes in Race">63.0</CountMetric>
					</Selection>
					<Selection>
						<Candidate>
							<CandidateIdentifier Id="396" DisplayOrder="2">
								<CandidateName>Elizabeth&nbsp;Emken</CandidateName>
							</CandidateIdentifier>
							<Affiliation>
								<AffiliationIdentifier Id="Party">
									<RegisteredName />
								</AffiliationIdentifier>
								<Type>Republican</Type>
							</Affiliation>
						</Candidate>
						<ValidVotes>2446</ValidVotes>
						<CountMetric Id="PVP" Type="Percent Votes in Party">100.0</CountMetric>
						<CountMetric Id="PVR" Type="Percent Votes in Race">37.0</CountMetric>
					</Selection>
				</ReportingUnitVotes>
				<ReportingUnitVotes>
					<ReportingUnitIdentifier Id="19">Los Angeles</ReportingUnitIdentifier>
					<CountMetric Id="PR" Type="Precincts Reporting">499</CountMetric>
					<CountMetric Id="TP" Type="Total Precincts">4993</CountMetric>
					<CountMetric Id="RT" Type="ReportType">1</CountMetric>
					<Selection>
						<Candidate>
							<CandidateIdentifier Id="173" DisplayOrder="1">
								<CandidateName>Dianne&nbsp;Feinstein</CandidateName>
							</CandidateIdentifier>
							<Affiliation>
								<AffiliationIdentifier Id="Party">
									<RegisteredName />
								</AffiliationIdentifier>
								<Type>Democratic</Type>
							</Affiliation>
						</Candidate>
						<ValidVotes>654</ValidVotes>
						<CountMetric Id="PVP" Type="Percent Votes in Party">100.0</CountMetric>
						<CountMetric Id="PVR" Type="Percent Votes in Race">39.9</CountMetric>
					</Selection>
					<Selection>
						<Candidate>
							<CandidateIdentifier Id="396" DisplayOrder="2">
								<CandidateName>Elizabeth&nbsp;Emken</CandidateName>
							</CandidateIdentifier>
							<Affiliation>
								<AffiliationIdentifier Id="Party">
									<RegisteredName />
								</AffiliationIdentifier>
								<Type>Republican</Type>
							</Affiliation>
						</Candidate>
						<ValidVotes>986</ValidVotes>
						<CountMetric Id="PVP" Type="Percent Votes in Party">100.0</CountMetric>
						<CountMetric Id="PVR" Type="Percent Votes in Race">60.1</CountMetric>
					</Selection>
				</ReportingUnitVotes>
				<ReportingUnitVotes>
					<ReportingUnitIdentifier Id="20">Madera</ReportingUnitIdentifier>
					<CountMetric Id="PR" Type="Precincts Reporting">96</CountMetric>
					<CountMetric Id="TP" Type="Total Precincts">96</CountMetric>
					<CountMetric Id="RT" Type="ReportType">2</CountMetric>
					<Selection>
						<Candidate>
							<CandidateIdentifier Id="173" DisplayOrder="1">
								<CandidateName>Dianne&nbsp;Feinstein</CandidateName>
							</CandidateIdentifier>
							<Affiliation>
								<AffiliationIdentifier Id="Party">
									<RegisteredName />
								</AffiliationIdentifier>
								<Type>Democratic</Type>
							</Affiliation>
						</Candidate>
						<ValidVotes>21</ValidVotes>
						<CountMetric Id="PVP" Type="Percent Votes in Party">100.0</CountMetric>
						<CountMetric Id="PVR" Type="Percent Votes in Race">46.7</CountMetric>
					</Selection>
					<Selection>
						<Candidate>
							<CandidateIdentifier Id="396" DisplayOrder="2">
								<CandidateName>Elizabeth&nbsp;Emken</CandidateName>
							</CandidateIdentifier>
							<Affiliation>
								<AffiliationIdentifier Id="Party">
									<RegisteredName />
								</AffiliationIdentifier>
								<Type>Republican</Type>
							</Affiliation>
						</Candidate>
						<ValidVotes>24</ValidVotes>
						<CountMetric Id="PVP" Type="Percent Votes in Party">100.0</CountMetric>
						<CountMetric Id="PVR" Type="Percent Votes in Race">53.3</CountMetric>
					</Selection>
				</ReportingUnitVotes>
				<ReportingUnitVotes>
					<ReportingUnitIdentifier Id="21">Marin</ReportingUnitIdentifier>
					<CountMetric Id="PR" Type="Precincts Reporting">0</CountMetric>
					<CountMetric Id="TP" Type="Total Precincts">194</CountMetric>
					<CountMetric Id="RT" Type="ReportType">0</CountMetric>
					<Selection>
						<Candidate>
							<CandidateIdentifier Id="173" DisplayOrder="1">
								<CandidateName>Dianne&nbsp;Feinstein</CandidateName>
							</CandidateIdentifier>
							<Affiliation>
								<AffiliationIdentifier Id="Party">
									<RegisteredName />
								</AffiliationIdentifier>
								<Type>Democratic</Type>
							</Affiliation>
						</Candidate>
						<ValidVotes>0</ValidVotes>
						<CountMetric Id="PVP" Type="Percent Votes in Party">0.0</CountMetric>
						<CountMetric Id="PVR" Type="Percent Votes in Race">0.0</CountMetric>
					</Selection>
					<Selection>
						<Candidate>
							<CandidateIdentifier Id="396" DisplayOrder="2">
								<CandidateName>Elizabeth&nbsp;Emken</CandidateName>
							</CandidateIdentifier>
							<Affiliation>
								<AffiliationIdentifier Id="Party">
									<RegisteredName />
								</AffiliationIdentifier>
								<Type>Republican</Type>
							</Affiliation>
						</Candidate>
						<ValidVotes>0</ValidVotes>
						<CountMetric Id="PVP" Type="Percent Votes in Party">0.0</CountMetric>
						<CountMetric Id="PVR" Type="Percent Votes in Race">0.0</CountMetric>
					</Selection>
				</ReportingUnitVotes>
				<ReportingUnitVotes>
					<ReportingUnitIdentifier Id="22">Mariposa</ReportingUnitIdentifier>
					<CountMetric Id="PR" Type="Precincts Reporting">0</CountMetric>
					<CountMetric Id="TP" Type="Total Precincts">25</CountMetric>
					<CountMetric Id="RT" Type="ReportType">0</CountMetric>
					<Selection>
						<Candidate>
							<CandidateIdentifier Id="173" DisplayOrder="1">
								<CandidateName>Dianne&nbsp;Feinstein</CandidateName>
							</CandidateIdentifier>
							<Affiliation>
								<AffiliationIdentifier Id="Party">
									<RegisteredName />
								</AffiliationIdentifier>
								<Type>Democratic</Type>
							</Affiliation>
						</Candidate>
						<ValidVotes>0</ValidVotes>
						<CountMetric Id="PVP" Type="Percent Votes in Party">0.0</CountMetric>
						<CountMetric Id="PVR" Type="Percent Votes in Race">0.0</CountMetric>
					</Selection>
					<Selection>
						<Candidate>
							<CandidateIdentifier Id="396" DisplayOrder="2">
								<CandidateName>Elizabeth&nbsp;Emken</CandidateName>
							</CandidateIdentifier>
							<Affiliation>
								<AffiliationIdentifier Id="Party">
									<RegisteredName />
								</AffiliationIdentifier>
								<Type>Republican</Type>
							</Affiliation>
						</Candidate>
						<ValidVotes>0</ValidVotes>
						<CountMetric Id="PVP" Type="Percent Votes in Party">0.0</CountMetric>
						<CountMetric Id="PVR" Type="Percent Votes in Race">0.0</CountMetric>
					</Selection>
				</ReportingUnitVotes>
				<ReportingUnitVotes>
					<ReportingUnitIdentifier Id="23">Mendocino</ReportingUnitIdentifier>
					<CountMetric Id="PR" Type="Precincts Reporting">76</CountMetric>
					<CountMetric Id="TP" Type="Total Precincts">247</CountMetric>
					<CountMetric Id="RT" Type="ReportType">1</CountMetric>
					<Selection>
						<Candidate>
							<CandidateIdentifier Id="173" DisplayOrder="1">
								<CandidateName>Dianne&nbsp;Feinstein</CandidateName>
							</CandidateIdentifier>
							<Affiliation>
								<AffiliationIdentifier Id="Party">
									<RegisteredName />
								</AffiliationIdentifier>
								<Type>Democratic</Type>
							</Affiliation>
						</Candidate>
						<ValidVotes>287</ValidVotes>
						<CountMetric Id="PVP" Type="Percent Votes in Party">100.0</CountMetric>
						<CountMetric Id="PVR" Type="Percent Votes in Race">2.0</CountMetric>
					</Selection>
					<Selection>
						<Candidate>
							<CandidateIdentifier Id="396" DisplayOrder="2">
								<CandidateName>Elizabeth&nbsp;Emken</CandidateName>
							</CandidateIdentifier>
							<Affiliation>
								<AffiliationIdentifier Id="Party">
									<RegisteredName />
								</AffiliationIdentifier>
								<Type>Republican</Type>
							</Affiliation>
						</Candidate>
						<ValidVotes>14041</ValidVotes>
						<CountMetric Id="PVP" Type="Percent Votes in Party">100.0</CountMetric>
						<CountMetric Id="PVR" Type="Percent Votes in Race">98.0</CountMetric>
					</Selection>
				</ReportingUnitVotes>
				<ReportingUnitVotes>
					<ReportingUnitIdentifier Id="24">Merced</ReportingUnitIdentifier>
					<CountMetric Id="PR" Type="Precincts Reporting">59</CountMetric>
					<CountMetric Id="TP" Type="Total Precincts">126</CountMetric>
					<CountMetric Id="RT" Type="ReportType">1</CountMetric>
					<Selection>
						<Candidate>
							<CandidateIdentifier Id="173" DisplayOrder="1">
								<CandidateName>Dianne&nbsp;Feinstein</CandidateName>
							</CandidateIdentifier>
							<Affiliation>
								<AffiliationIdentifier Id="Party">
									<RegisteredName />
								</AffiliationIdentifier>
								<Type>Democratic</Type>
							</Affiliation>
						</Candidate>
						<ValidVotes>10559</ValidVotes>
						<CountMetric Id="PVP" Type="Percent Votes in Party">100.0</CountMetric>
						<CountMetric Id="PVR" Type="Percent Votes in Race">25.0</CountMetric>
					</Selection>
					<Selection>
						<Candidate>
							<CandidateIdentifier Id="396" DisplayOrder="2">
								<CandidateName>Elizabeth&nbsp;Emken</CandidateName>
							</CandidateIdentifier>
							<Affiliation>
								<AffiliationIdentifier Id="Party">
									<RegisteredName />
								</AffiliationIdentifier>
								<Type>Republican</Type>
							</Affiliation>
						</Candidate>
						<ValidVotes>31676</ValidVotes>
						<CountMetric Id="PVP" Type="Percent Votes in Party">100.0</CountMetric>
						<CountMetric Id="PVR" Type="Percent Votes in Race">75.0</CountMetric>
					</Selection>
				</ReportingUnitVotes>
				<ReportingUnitVotes>
					<ReportingUnitIdentifier Id="25">Modoc</ReportingUnitIdentifier>
					<CountMetric Id="PR" Type="Precincts Reporting">0</CountMetric>
					<CountMetric Id="TP" Type="Total Precincts">21</CountMetric>
					<CountMetric Id="RT" Type="ReportType">0</CountMetric>
					<Selection>
						<Candidate>
							<CandidateIdentifier Id="173" DisplayOrder="1">
								<CandidateName>Dianne&nbsp;Feinstein</CandidateName>
							</CandidateIdentifier>
							<Affiliation>
								<AffiliationIdentifier Id="Party">
									<RegisteredName />
								</AffiliationIdentifier>
								<Type>Democratic</Type>
							</Affiliation>
						</Candidate>
						<ValidVotes>0</ValidVotes>
						<CountMetric Id="PVP" Type="Percent Votes in Party">0.0</CountMetric>
						<CountMetric Id="PVR" Type="Percent Votes in Race">0.0</CountMetric>
					</Selection>
					<Selection>
						<Candidate>
							<CandidateIdentifier Id="396" DisplayOrder="2">
								<CandidateName>Elizabeth&nbsp;Emken</CandidateName>
							</CandidateIdentifier>
							<Affiliation>
								<AffiliationIdentifier Id="Party">
									<RegisteredName />
								</AffiliationIdentifier>
								<Type>Republican</Type>
							</Affiliation>
						</Candidate>
						<ValidVotes>0</ValidVotes>
						<CountMetric Id="PVP" Type="Percent Votes in Party">0.0</CountMetric>
						<CountMetric Id="PVR" Type="Percent Votes in Race">0.0</CountMetric>
					</Selection>
				</ReportingUnitVotes>
				<ReportingUnitVotes>
					<ReportingUnitIdentifier Id="26">Mono</ReportingUnitIdentifier>
					<CountMetric Id="PR" Type="Precincts Reporting">6</CountMetric>
					<CountMetric Id="TP" Type="Total Precincts">13</CountMetric>
					<CountMetric Id="RT" Type="ReportType">1</CountMetric>
					<Selection>
						<Candidate>
							<CandidateIdentifier Id="173" DisplayOrder="1">
								<CandidateName>Dianne&nbsp;Feinstein</CandidateName>
							</CandidateIdentifier>
							<Affiliation>
								<AffiliationIdentifier Id="Party">
									<RegisteredName />
								</AffiliationIdentifier>
								<Type>Democratic</Type>
							</Affiliation>
						</Candidate>
						<ValidVotes>635</ValidVotes>
						<CountMetric Id="PVP" Type="Percent Votes in Party">100.0</CountMetric>
						<CountMetric Id="PVR" Type="Percent Votes in Race">25.0</CountMetric>
					</Selection>
					<Selection>
						<Candidate>
							<CandidateIdentifier Id="396" DisplayOrder="2">
								<CandidateName>Elizabeth&nbsp;Emken</CandidateName>
							</CandidateIdentifier>
							<Affiliation>
								<AffiliationIdentifier Id="Party">
									<RegisteredName />
								</AffiliationIdentifier>
								<Type>Republican</Type>
							</Affiliation>
						</Candidate>
						<ValidVotes>1904</ValidVotes>
						<CountMetric Id="PVP" Type="Percent Votes in Party">100.0</CountMetric>
						<CountMetric Id="PVR" Type="Percent Votes in Race">75.0</CountMetric>
					</Selection>
				</ReportingUnitVotes>
				<ReportingUnitVotes>
					<ReportingUnitIdentifier Id="27">Monterey</ReportingUnitIdentifier>
					<CountMetric Id="PR" Type="Precincts Reporting">58</CountMetric>
					<CountMetric Id="TP" Type="Total Precincts">189</CountMetric>
					<CountMetric Id="RT" Type="ReportType">1</CountMetric>
					<Selection>
						<Candidate>
							<CandidateIdentifier Id="173" DisplayOrder="1">
								<CandidateName>Dianne&nbsp;Feinstein</CandidateName>
							</CandidateIdentifier>
							<Affiliation>
								<AffiliationIdentifier Id="Party">
									<RegisteredName />
								</AffiliationIdentifier>
								<Type>Democratic</Type>
							</Affiliation>
						</Candidate>
						<ValidVotes>16152</ValidVotes>
						<CountMetric Id="PVP" Type="Percent Votes in Party">100.0</CountMetric>
						<CountMetric Id="PVR" Type="Percent Votes in Race">34.0</CountMetric>
					</Selection>
					<Selection>
						<Candidate>
							<CandidateIdentifier Id="396" DisplayOrder="2">
								<CandidateName>Elizabeth&nbsp;Emken</CandidateName>
							</CandidateIdentifier>
							<Affiliation>
								<AffiliationIdentifier Id="Party">
									<RegisteredName />
								</AffiliationIdentifier>
								<Type>Republican</Type>
							</Affiliation>
						</Candidate>
						<ValidVotes>31353</ValidVotes>
						<CountMetric Id="PVP" Type="Percent Votes in Party">100.0</CountMetric>
						<CountMetric Id="PVR" Type="Percent Votes in Race">66.0</CountMetric>
					</Selection>
				</ReportingUnitVotes>
				<ReportingUnitVotes>
					<ReportingUnitIdentifier Id="28">Napa</ReportingUnitIdentifier>
					<CountMetric Id="PR" Type="Precincts Reporting">78</CountMetric>
					<CountMetric Id="TP" Type="Total Precincts">167</CountMetric>
					<CountMetric Id="RT" Type="ReportType">1</CountMetric>
					<Selection>
						<Candidate>
							<CandidateIdentifier Id="173" DisplayOrder="1">
								<CandidateName>Dianne&nbsp;Feinstein</CandidateName>
							</CandidateIdentifier>
							<Affiliation>
								<AffiliationIdentifier Id="Party">
									<RegisteredName />
								</AffiliationIdentifier>
								<Type>Democratic</Type>
							</Affiliation>
						</Candidate>
						<ValidVotes>19425</ValidVotes>
						<CountMetric Id="PVP" Type="Percent Votes in Party">100.0</CountMetric>
						<CountMetric Id="PVR" Type="Percent Votes in Race">63.0</CountMetric>
					</Selection>
					<Selection>
						<Candidate>
							<CandidateIdentifier Id="396" DisplayOrder="2">
								<CandidateName>Elizabeth&nbsp;Emken</CandidateName>
							</CandidateIdentifier>
							<Affiliation>
								<AffiliationIdentifier Id="Party">
									<RegisteredName />
								</AffiliationIdentifier>
								<Type>Republican</Type>
							</Affiliation>
						</Candidate>
						<ValidVotes>11408</ValidVotes>
						<CountMetric Id="PVP" Type="Percent Votes in Party">100.0</CountMetric>
						<CountMetric Id="PVR" Type="Percent Votes in Race">37.0</CountMetric>
					</Selection>
				</ReportingUnitVotes>
				<ReportingUnitVotes>
					<ReportingUnitIdentifier Id="29">Nevada</ReportingUnitIdentifier>
					<CountMetric Id="PR" Type="Precincts Reporting">140</CountMetric>
					<CountMetric Id="TP" Type="Total Precincts">140</CountMetric>
					<CountMetric Id="RT" Type="ReportType">3</CountMetric>
					<Selection>
						<Candidate>
							<CandidateIdentifier Id="173" DisplayOrder="1">
								<CandidateName>Dianne&nbsp;Feinstein</CandidateName>
							</CandidateIdentifier>
							<Affiliation>
								<AffiliationIdentifier Id="Party">
									<RegisteredName />
								</AffiliationIdentifier>
								<Type>Democratic</Type>
							</Affiliation>
						</Candidate>
						<ValidVotes>640</ValidVotes>
						<CountMetric Id="PVP" Type="Percent Votes in Party">100.0</CountMetric>
						<CountMetric Id="PVR" Type="Percent Votes in Race">39.0</CountMetric>
					</Selection>
					<Selection>
						<Candidate>
							<CandidateIdentifier Id="396" DisplayOrder="2">
								<CandidateName>Elizabeth&nbsp;Emken</CandidateName>
							</CandidateIdentifier>
							<Affiliation>
								<AffiliationIdentifier Id="Party">
									<RegisteredName />
								</AffiliationIdentifier>
								<Type>Republican</Type>
							</Affiliation>
						</Candidate>
						<ValidVotes>1002</ValidVotes>
						<CountMetric Id="PVP" Type="Percent Votes in Party">100.0</CountMetric>
						<CountMetric Id="PVR" Type="Percent Votes in Race">61.0</CountMetric>
					</Selection>
				</ReportingUnitVotes>
				<ReportingUnitVotes>
					<ReportingUnitIdentifier Id="30">Orange</ReportingUnitIdentifier>
					<CountMetric Id="PR" Type="Precincts Reporting">923</CountMetric>
					<CountMetric Id="TP" Type="Total Precincts">1977</CountMetric>
					<CountMetric Id="RT" Type="ReportType">1</CountMetric>
					<Selection>
						<Candidate>
							<CandidateIdentifier Id="173" DisplayOrder="1">
								<CandidateName>Dianne&nbsp;Feinstein</CandidateName>
							</CandidateIdentifier>
							<Affiliation>
								<AffiliationIdentifier Id="Party">
									<RegisteredName />
								</AffiliationIdentifier>
								<Type>Democratic</Type>
							</Affiliation>
						</Candidate>
						<ValidVotes>532487</ValidVotes>
						<CountMetric Id="PVP" Type="Percent Votes in Party">100.0</CountMetric>
						<CountMetric Id="PVR" Type="Percent Votes in Race">73.0</CountMetric>
					</Selection>
					<Selection>
						<Candidate>
							<CandidateIdentifier Id="396" DisplayOrder="2">
								<CandidateName>Elizabeth&nbsp;Emken</CandidateName>
							</CandidateIdentifier>
							<Affiliation>
								<AffiliationIdentifier Id="Party">
									<RegisteredName />
								</AffiliationIdentifier>
								<Type>Republican</Type>
							</Affiliation>
						</Candidate>
						<ValidVotes>196947</ValidVotes>
						<CountMetric Id="PVP" Type="Percent Votes in Party">100.0</CountMetric>
						<CountMetric Id="PVR" Type="Percent Votes in Race">27.0</CountMetric>
					</Selection>
				</ReportingUnitVotes>
				<ReportingUnitVotes>
					<ReportingUnitIdentifier Id="31">Placer</ReportingUnitIdentifier>
					<CountMetric Id="PR" Type="Precincts Reporting">31</CountMetric>
					<CountMetric Id="TP" Type="Total Precincts">350</CountMetric>
					<CountMetric Id="RT" Type="ReportType">1</CountMetric>
					<Selection>
						<Candidate>
							<CandidateIdentifier Id="173" DisplayOrder="1">
								<CandidateName>Dianne&nbsp;Feinstein</CandidateName>
							</CandidateIdentifier>
							<Affiliation>
								<AffiliationIdentifier Id="Party">
									<RegisteredName />
								</AffiliationIdentifier>
								<Type>Democratic</Type>
							</Affiliation>
						</Candidate>
						<ValidVotes>2716</ValidVotes>
						<CountMetric Id="PVP" Type="Percent Votes in Party">100.0</CountMetric>
						<CountMetric Id="PVR" Type="Percent Votes in Race">16.0</CountMetric>
					</Selection>
					<Selection>
						<Candidate>
							<CandidateIdentifier Id="396" DisplayOrder="2">
								<CandidateName>Elizabeth&nbsp;Emken</CandidateName>
							</CandidateIdentifier>
							<Affiliation>
								<AffiliationIdentifier Id="Party">
									<RegisteredName />
								</AffiliationIdentifier>
								<Type>Republican</Type>
							</Affiliation>
						</Candidate>
						<ValidVotes>14261</ValidVotes>
						<CountMetric Id="PVP" Type="Percent Votes in Party">100.0</CountMetric>
						<CountMetric Id="PVR" Type="Percent Votes in Race">84.0</CountMetric>
					</Selection>
				</ReportingUnitVotes>
				<ReportingUnitVotes>
					<ReportingUnitIdentifier Id="32">Plumas</ReportingUnitIdentifier>
					<CountMetric Id="PR" Type="Precincts Reporting">14</CountMetric>
					<CountMetric Id="TP" Type="Total Precincts">29</CountMetric>
					<CountMetric Id="RT" Type="ReportType">1</CountMetric>
					<Selection>
						<Candidate>
							<CandidateIdentifier Id="173" DisplayOrder="1">
								<CandidateName>Dianne&nbsp;Feinstein</CandidateName>
							</CandidateIdentifier>
							<Affiliation>
								<AffiliationIdentifier Id="Party">
									<RegisteredName />
								</AffiliationIdentifier>
								<Type>Democratic</Type>
							</Affiliation>
						</Candidate>
						<ValidVotes>3648</ValidVotes>
						<CountMetric Id="PVP" Type="Percent Votes in Party">100.0</CountMetric>
						<CountMetric Id="PVR" Type="Percent Votes in Race">63.0</CountMetric>
					</Selection>
					<Selection>
						<Candidate>
							<CandidateIdentifier Id="396" DisplayOrder="2">
								<CandidateName>Elizabeth&nbsp;Emken</CandidateName>
							</CandidateIdentifier>
							<Affiliation>
								<AffiliationIdentifier Id="Party">
									<RegisteredName />
								</AffiliationIdentifier>
								<Type>Republican</Type>
							</Affiliation>
						</Candidate>
						<ValidVotes>2143</ValidVotes>
						<CountMetric Id="PVP" Type="Percent Votes in Party">100.0</CountMetric>
						<CountMetric Id="PVR" Type="Percent Votes in Race">37.0</CountMetric>
					</Selection>
				</ReportingUnitVotes>
				<ReportingUnitVotes>
					<ReportingUnitIdentifier Id="33">Riverside</ReportingUnitIdentifier>
					<CountMetric Id="PR" Type="Precincts Reporting">0</CountMetric>
					<CountMetric Id="TP" Type="Total Precincts">1218</CountMetric>
					<CountMetric Id="RT" Type="ReportType">0</CountMetric>
					<Selection>
						<Candidate>
							<CandidateIdentifier Id="173" DisplayOrder="1">
								<CandidateName>Dianne&nbsp;Feinstein</CandidateName>
							</CandidateIdentifier>
							<Affiliation>
								<AffiliationIdentifier Id="Party">
									<RegisteredName />
								</AffiliationIdentifier>
								<Type>Democratic</Type>
							</Affiliation>
						</Candidate>
						<ValidVotes>0</ValidVotes>
						<CountMetric Id="PVP" Type="Percent Votes in Party">0.0</CountMetric>
						<CountMetric Id="PVR" Type="Percent Votes in Race">0.0</CountMetric>
					</Selection>
					<Selection>
						<Candidate>
							<CandidateIdentifier Id="396" DisplayOrder="2">
								<CandidateName>Elizabeth&nbsp;Emken</CandidateName>
							</CandidateIdentifier>
							<Affiliation>
								<AffiliationIdentifier Id="Party">
									<RegisteredName />
								</AffiliationIdentifier>
								<Type>Republican</Type>
							</Affiliation>
						</Candidate>
						<ValidVotes>0</ValidVotes>
						<CountMetric Id="PVP" Type="Percent Votes in Party">0.0</CountMetric>
						<CountMetric Id="PVR" Type="Percent Votes in Race">0.0</CountMetric>
					</Selection>
				</ReportingUnitVotes>
				<ReportingUnitVotes>
					<ReportingUnitIdentifier Id="34">Sacramento</ReportingUnitIdentifier>
					<CountMetric Id="PR" Type="Precincts Reporting">553</CountMetric>
					<CountMetric Id="TP" Type="Total Precincts">1106</CountMetric>
					<CountMetric Id="RT" Type="ReportType">1</CountMetric>
					<Selection>
						<Candidate>
							<CandidateIdentifier Id="173" DisplayOrder="1">
								<CandidateName>Dianne&nbsp;Feinstein</CandidateName>
							</CandidateIdentifier>
							<Affiliation>
								<AffiliationIdentifier Id="Party">
									<RegisteredName />
								</AffiliationIdentifier>
								<Type>Democratic</Type>
							</Affiliation>
						</Candidate>
						<ValidVotes>163359</ValidVotes>
						<CountMetric Id="PVP" Type="Percent Votes in Party">100.0</CountMetric>
						<CountMetric Id="PVR" Type="Percent Votes in Race">51.0</CountMetric>
					</Selection>
					<Selection>
						<Candidate>
							<CandidateIdentifier Id="396" DisplayOrder="2">
								<CandidateName>Elizabeth&nbsp;Emken</CandidateName>
							</CandidateIdentifier>
							<Affiliation>
								<AffiliationIdentifier Id="Party">
									<RegisteredName />
								</AffiliationIdentifier>
								<Type>Republican</Type>
							</Affiliation>
						</Candidate>
						<ValidVotes>156952</ValidVotes>
						<CountMetric Id="PVP" Type="Percent Votes in Party">100.0</CountMetric>
						<CountMetric Id="PVR" Type="Percent Votes in Race">49.0</CountMetric>
					</Selection>
				</ReportingUnitVotes>
				<ReportingUnitVotes>
					<ReportingUnitIdentifier Id="35">San Benito</ReportingUnitIdentifier>
					<CountMetric Id="PR" Type="Precincts Reporting">22</CountMetric>
					<CountMetric Id="TP" Type="Total Precincts">44</CountMetric>
					<CountMetric Id="RT" Type="ReportType">1</CountMetric>
					<Selection>
						<Candidate>
							<CandidateIdentifier Id="173" DisplayOrder="1">
								<CandidateName>Dianne&nbsp;Feinstein</CandidateName>
							</CandidateIdentifier>
							<Affiliation>
								<AffiliationIdentifier Id="Party">
									<RegisteredName />
								</AffiliationIdentifier>
								<Type>Democratic</Type>
							</Affiliation>
						</Candidate>
						<ValidVotes>482</ValidVotes>
						<CountMetric Id="PVP" Type="Percent Votes in Party">100.0</CountMetric>
						<CountMetric Id="PVR" Type="Percent Votes in Race">4.0</CountMetric>
					</Selection>
					<Selection>
						<Candidate>
							<CandidateIdentifier Id="396" DisplayOrder="2">
								<CandidateName>Elizabeth&nbsp;Emken</CandidateName>
							</CandidateIdentifier>
							<Affiliation>
								<AffiliationIdentifier Id="Party">
									<RegisteredName />
								</AffiliationIdentifier>
								<Type>Republican</Type>
							</Affiliation>
						</Candidate>
						<ValidVotes>11572</ValidVotes>
						<CountMetric Id="PVP" Type="Percent Votes in Party">100.0</CountMetric>
						<CountMetric Id="PVR" Type="Percent Votes in Race">96.0</CountMetric>
					</Selection>
				</ReportingUnitVotes>
				<ReportingUnitVotes>
					<ReportingUnitIdentifier Id="36">San Bernardino</ReportingUnitIdentifier>
					<CountMetric Id="PR" Type="Precincts Reporting">0</CountMetric>
					<CountMetric Id="TP" Type="Total Precincts">1609</CountMetric>
					<CountMetric Id="RT" Type="ReportType">0</CountMetric>
					<Selection>
						<Candidate>
							<CandidateIdentifier Id="173" DisplayOrder="1">
								<CandidateName>Dianne&nbsp;Feinstein</CandidateName>
							</CandidateIdentifier>
							<Affiliation>
								<AffiliationIdentifier Id="Party">
									<RegisteredName />
								</AffiliationIdentifier>
								<Type>Democratic</Type>
							</Affiliation>
						</Candidate>
						<ValidVotes>0</ValidVotes>
						<CountMetric Id="PVP" Type="Percent Votes in Party">0.0</CountMetric>
						<CountMetric Id="PVR" Type="Percent Votes in Race">0.0</CountMetric>
					</Selection>
					<Selection>
						<Candidate>
							<CandidateIdentifier Id="396" DisplayOrder="2">
								<CandidateName>Elizabeth&nbsp;Emken</CandidateName>
							</CandidateIdentifier>
							<Affiliation>
								<AffiliationIdentifier Id="Party">
									<RegisteredName />
								</AffiliationIdentifier>
								<Type>Republican</Type>
							</Affiliation>
						</Candidate>
						<ValidVotes>0</ValidVotes>
						<CountMetric Id="PVP" Type="Percent Votes in Party">0.0</CountMetric>
						<CountMetric Id="PVR" Type="Percent Votes in Race">0.0</CountMetric>
					</Selection>
				</ReportingUnitVotes>
				<ReportingUnitVotes>
					<ReportingUnitIdentifier Id="37">San Diego</ReportingUnitIdentifier>
					<CountMetric Id="PR" Type="Precincts Reporting">0</CountMetric>
					<CountMetric Id="TP" Type="Total Precincts">2064</CountMetric>
					<CountMetric Id="RT" Type="ReportType">0</CountMetric>
					<Selection>
						<Candidate>
							<CandidateIdentifier Id="173" DisplayOrder="1">
								<CandidateName>Dianne&nbsp;Feinstein</CandidateName>
							</CandidateIdentifier>
							<Affiliation>
								<AffiliationIdentifier Id="Party">
									<RegisteredName />
								</AffiliationIdentifier>
								<Type>Democratic</Type>
							</Affiliation>
						</Candidate>
						<ValidVotes>0</ValidVotes>
						<CountMetric Id="PVP" Type="Percent Votes in Party">0.0</CountMetric>
						<CountMetric Id="PVR" Type="Percent Votes in Race">0.0</CountMetric>
					</Selection>
					<Selection>
						<Candidate>
							<CandidateIdentifier Id="396" DisplayOrder="2">
								<CandidateName>Elizabeth&nbsp;Emken</CandidateName>
							</CandidateIdentifier>
							<Affiliation>
								<AffiliationIdentifier Id="Party">
									<RegisteredName />
								</AffiliationIdentifier>
								<Type>Republican</Type>
							</Affiliation>
						</Candidate>
						<ValidVotes>0</ValidVotes>
						<CountMetric Id="PVP" Type="Percent Votes in Party">0.0</CountMetric>
						<CountMetric Id="PVR" Type="Percent Votes in Race">0.0</CountMetric>
					</Selection>
				</ReportingUnitVotes>
				<ReportingUnitVotes>
					<ReportingUnitIdentifier Id="38">San Francisco</ReportingUnitIdentifier>
					<CountMetric Id="PR" Type="Precincts Reporting">0</CountMetric>
					<CountMetric Id="TP" Type="Total Precincts">597</CountMetric>
					<CountMetric Id="RT" Type="ReportType">0</CountMetric>
					<Selection>
						<Candidate>
							<CandidateIdentifier Id="173" DisplayOrder="1">
								<CandidateName>Dianne&nbsp;Feinstein</CandidateName>
							</CandidateIdentifier>
							<Affiliation>
								<AffiliationIdentifier Id="Party">
									<RegisteredName />
								</AffiliationIdentifier>
								<Type>Democratic</Type>
							</Affiliation>
						</Candidate>
						<ValidVotes>0</ValidVotes>
						<CountMetric Id="PVP" Type="Percent Votes in Party">0.0</CountMetric>
						<CountMetric Id="PVR" Type="Percent Votes in Race">0.0</CountMetric>
					</Selection>
					<Selection>
						<Candidate>
							<CandidateIdentifier Id="396" DisplayOrder="2">
								<CandidateName>Elizabeth&nbsp;Emken</CandidateName>
							</CandidateIdentifier>
							<Affiliation>
								<AffiliationIdentifier Id="Party">
									<RegisteredName />
								</AffiliationIdentifier>
								<Type>Republican</Type>
							</Affiliation>
						</Candidate>
						<ValidVotes>0</ValidVotes>
						<CountMetric Id="PVP" Type="Percent Votes in Party">0.0</CountMetric>
						<CountMetric Id="PVR" Type="Percent Votes in Race">0.0</CountMetric>
					</Selection>
				</ReportingUnitVotes>
				<ReportingUnitVotes>
					<ReportingUnitIdentifier Id="39">San Joaquin</ReportingUnitIdentifier>
					<CountMetric Id="PR" Type="Precincts Reporting">191</CountMetric>
					<CountMetric Id="TP" Type="Total Precincts">430</CountMetric>
					<CountMetric Id="RT" Type="ReportType">1</CountMetric>
					<Selection>
						<Candidate>
							<CandidateIdentifier Id="173" DisplayOrder="1">
								<CandidateName>Dianne&nbsp;Feinstein</CandidateName>
							</CandidateIdentifier>
							<Affiliation>
								<AffiliationIdentifier Id="Party">
									<RegisteredName />
								</AffiliationIdentifier>
								<Type>Democratic</Type>
							</Affiliation>
						</Candidate>
						<ValidVotes>55406</ValidVotes>
						<CountMetric Id="PVP" Type="Percent Votes in Party">100.0</CountMetric>
						<CountMetric Id="PVR" Type="Percent Votes in Race">47.0</CountMetric>
					</Selection>
					<Selection>
						<Candidate>
							<CandidateIdentifier Id="396" DisplayOrder="2">
								<CandidateName>Elizabeth&nbsp;Emken</CandidateName>
							</CandidateIdentifier>
							<Affiliation>
								<AffiliationIdentifier Id="Party">
									<RegisteredName />
								</AffiliationIdentifier>
								<Type>Republican</Type>
							</Affiliation>
						</Candidate>
						<ValidVotes>62479</ValidVotes>
						<CountMetric Id="PVP" Type="Percent Votes in Party">100.0</CountMetric>
						<CountMetric Id="PVR" Type="Percent Votes in Race">53.0</CountMetric>
					</Selection>
				</ReportingUnitVotes>
				<ReportingUnitVotes>
					<ReportingUnitIdentifier Id="40">San Luis Obispo</ReportingUnitIdentifier>
					<CountMetric Id="PR" Type="Precincts Reporting">24</CountMetric>
					<CountMetric Id="TP" Type="Total Precincts">147</CountMetric>
					<CountMetric Id="RT" Type="ReportType">1</CountMetric>
					<Selection>
						<Candidate>
							<CandidateIdentifier Id="173" DisplayOrder="1">
								<CandidateName>Dianne&nbsp;Feinstein</CandidateName>
							</CandidateIdentifier>
							<Affiliation>
								<AffiliationIdentifier Id="Party">
									<RegisteredName />
								</AffiliationIdentifier>
								<Type>Democratic</Type>
							</Affiliation>
						</Candidate>
						<ValidVotes>15</ValidVotes>
						<CountMetric Id="PVP" Type="Percent Votes in Party">100.0</CountMetric>
						<CountMetric Id="PVR" Type="Percent Votes in Race">24.6</CountMetric>
					</Selection>
					<Selection>
						<Candidate>
							<CandidateIdentifier Id="396" DisplayOrder="2">
								<CandidateName>Elizabeth&nbsp;Emken</CandidateName>
							</CandidateIdentifier>
							<Affiliation>
								<AffiliationIdentifier Id="Party">
									<RegisteredName />
								</AffiliationIdentifier>
								<Type>Republican</Type>
							</Affiliation>
						</Candidate>
						<ValidVotes>46</ValidVotes>
						<CountMetric Id="PVP" Type="Percent Votes in Party">100.0</CountMetric>
						<CountMetric Id="PVR" Type="Percent Votes in Race">75.4</CountMetric>
					</Selection>
				</ReportingUnitVotes>
				<ReportingUnitVotes>
					<ReportingUnitIdentifier Id="41">San Mateo</ReportingUnitIdentifier>
					<CountMetric Id="PR" Type="Precincts Reporting">208</CountMetric>
					<CountMetric Id="TP" Type="Total Precincts">468</CountMetric>
					<CountMetric Id="RT" Type="ReportType">1</CountMetric>
					<Selection>
						<Candidate>
							<CandidateIdentifier Id="173" DisplayOrder="1">
								<CandidateName>Dianne&nbsp;Feinstein</CandidateName>
							</CandidateIdentifier>
							<Affiliation>
								<AffiliationIdentifier Id="Party">
									<RegisteredName />
								</AffiliationIdentifier>
								<Type>Democratic</Type>
							</Affiliation>
						</Candidate>
						<ValidVotes>82162</ValidVotes>
						<CountMetric Id="PVP" Type="Percent Votes in Party">100.0</CountMetric>
						<CountMetric Id="PVR" Type="Percent Votes in Race">56.0</CountMetric>
					</Selection>
					<Selection>
						<Candidate>
							<CandidateIdentifier Id="396" DisplayOrder="2">
								<CandidateName>Elizabeth&nbsp;Emken</CandidateName>
							</CandidateIdentifier>
							<Affiliation>
								<AffiliationIdentifier Id="Party">
									<RegisteredName />
								</AffiliationIdentifier>
								<Type>Republican</Type>
							</Affiliation>
						</Candidate>
						<ValidVotes>64556</ValidVotes>
						<CountMetric Id="PVP" Type="Percent Votes in Party">100.0</CountMetric>
						<CountMetric Id="PVR" Type="Percent Votes in Race">44.0</CountMetric>
					</Selection>
				</ReportingUnitVotes>
				<ReportingUnitVotes>
					<ReportingUnitIdentifier Id="42">Santa Barbara</ReportingUnitIdentifier>
					<CountMetric Id="PR" Type="Precincts Reporting">0</CountMetric>
					<CountMetric Id="TP" Type="Total Precincts">257</CountMetric>
					<CountMetric Id="RT" Type="ReportType">0</CountMetric>
					<Selection>
						<Candidate>
							<CandidateIdentifier Id="173" DisplayOrder="1">
								<CandidateName>Dianne&nbsp;Feinstein</CandidateName>
							</CandidateIdentifier>
							<Affiliation>
								<AffiliationIdentifier Id="Party">
									<RegisteredName />
								</AffiliationIdentifier>
								<Type>Democratic</Type>
							</Affiliation>
						</Candidate>
						<ValidVotes>0</ValidVotes>
						<CountMetric Id="PVP" Type="Percent Votes in Party">0.0</CountMetric>
						<CountMetric Id="PVR" Type="Percent Votes in Race">0.0</CountMetric>
					</Selection>
					<Selection>
						<Candidate>
							<CandidateIdentifier Id="396" DisplayOrder="2">
								<CandidateName>Elizabeth&nbsp;Emken</CandidateName>
							</CandidateIdentifier>
							<Affiliation>
								<AffiliationIdentifier Id="Party">
									<RegisteredName />
								</AffiliationIdentifier>
								<Type>Republican</Type>
							</Affiliation>
						</Candidate>
						<ValidVotes>0</ValidVotes>
						<CountMetric Id="PVP" Type="Percent Votes in Party">0.0</CountMetric>
						<CountMetric Id="PVR" Type="Percent Votes in Race">0.0</CountMetric>
					</Selection>
				</ReportingUnitVotes>
				<ReportingUnitVotes>
					<ReportingUnitIdentifier Id="43">Santa Clara</ReportingUnitIdentifier>
					<CountMetric Id="PR" Type="Precincts Reporting">150</CountMetric>
					<CountMetric Id="TP" Type="Total Precincts">1000</CountMetric>
					<CountMetric Id="RT" Type="ReportType">1</CountMetric>
					<Selection>
						<Candidate>
							<CandidateIdentifier Id="173" DisplayOrder="1">
								<CandidateName>Dianne&nbsp;Feinstein</CandidateName>
							</CandidateIdentifier>
							<Affiliation>
								<AffiliationIdentifier Id="Party">
									<RegisteredName />
								</AffiliationIdentifier>
								<Type>Democratic</Type>
							</Affiliation>
						</Candidate>
						<ValidVotes>29999</ValidVotes>
						<CountMetric Id="PVP" Type="Percent Votes in Party">100.0</CountMetric>
						<CountMetric Id="PVR" Type="Percent Votes in Race">27.0</CountMetric>
					</Selection>
					<Selection>
						<Candidate>
							<CandidateIdentifier Id="396" DisplayOrder="2">
								<CandidateName>Elizabeth&nbsp;Emken</CandidateName>
							</CandidateIdentifier>
							<Affiliation>
								<AffiliationIdentifier Id="Party">
									<RegisteredName />
								</AffiliationIdentifier>
								<Type>Republican</Type>
							</Affiliation>
						</Candidate>
						<ValidVotes>81108</ValidVotes>
						<CountMetric Id="PVP" Type="Percent Votes in Party">100.0</CountMetric>
						<CountMetric Id="PVR" Type="Percent Votes in Race">73.0</CountMetric>
					</Selection>
				</ReportingUnitVotes>
				<ReportingUnitVotes>
					<ReportingUnitIdentifier Id="44">Santa Cruz</ReportingUnitIdentifier>
					<CountMetric Id="PR" Type="Precincts Reporting">0</CountMetric>
					<CountMetric Id="TP" Type="Total Precincts">253</CountMetric>
					<CountMetric Id="RT" Type="ReportType">0</CountMetric>
					<Selection>
						<Candidate>
							<CandidateIdentifier Id="173" DisplayOrder="1">
								<CandidateName>Dianne&nbsp;Feinstein</CandidateName>
							</CandidateIdentifier>
							<Affiliation>
								<AffiliationIdentifier Id="Party">
									<RegisteredName />
								</AffiliationIdentifier>
								<Type>Democratic</Type>
							</Affiliation>
						</Candidate>
						<ValidVotes>0</ValidVotes>
						<CountMetric Id="PVP" Type="Percent Votes in Party">0.0</CountMetric>
						<CountMetric Id="PVR" Type="Percent Votes in Race">0.0</CountMetric>
					</Selection>
					<Selection>
						<Candidate>
							<CandidateIdentifier Id="396" DisplayOrder="2">
								<CandidateName>Elizabeth&nbsp;Emken</CandidateName>
							</CandidateIdentifier>
							<Affiliation>
								<AffiliationIdentifier Id="Party">
									<RegisteredName />
								</AffiliationIdentifier>
								<Type>Republican</Type>
							</Affiliation>
						</Candidate>
						<ValidVotes>0</ValidVotes>
						<CountMetric Id="PVP" Type="Percent Votes in Party">0.0</CountMetric>
						<CountMetric Id="PVR" Type="Percent Votes in Race">0.0</CountMetric>
					</Selection>
				</ReportingUnitVotes>
				<ReportingUnitVotes>
					<ReportingUnitIdentifier Id="45">Shasta</ReportingUnitIdentifier>
					<CountMetric Id="PR" Type="Precincts Reporting">63</CountMetric>
					<CountMetric Id="TP" Type="Total Precincts">142</CountMetric>
					<CountMetric Id="RT" Type="ReportType">1</CountMetric>
					<Selection>
						<Candidate>
							<CandidateIdentifier Id="173" DisplayOrder="1">
								<CandidateName>Dianne&nbsp;Feinstein</CandidateName>
							</CandidateIdentifier>
							<Affiliation>
								<AffiliationIdentifier Id="Party">
									<RegisteredName />
								</AffiliationIdentifier>
								<Type>Democratic</Type>
							</Affiliation>
						</Candidate>
						<ValidVotes>10754</ValidVotes>
						<CountMetric Id="PVP" Type="Percent Votes in Party">100.0</CountMetric>
						<CountMetric Id="PVR" Type="Percent Votes in Race">26.0</CountMetric>
					</Selection>
					<Selection>
						<Candidate>
							<CandidateIdentifier Id="396" DisplayOrder="2">
								<CandidateName>Elizabeth&nbsp;Emken</CandidateName>
							</CandidateIdentifier>
							<Affiliation>
								<AffiliationIdentifier Id="Party">
									<RegisteredName />
								</AffiliationIdentifier>
								<Type>Republican</Type>
							</Affiliation>
						</Candidate>
						<ValidVotes>30606</ValidVotes>
						<CountMetric Id="PVP" Type="Percent Votes in Party">100.0</CountMetric>
						<CountMetric Id="PVR" Type="Percent Votes in Race">74.0</CountMetric>
					</Selection>
				</ReportingUnitVotes>
				<ReportingUnitVotes>
					<ReportingUnitIdentifier Id="46">Sierra</ReportingUnitIdentifier>
					<CountMetric Id="PR" Type="Precincts Reporting">10</CountMetric>
					<CountMetric Id="TP" Type="Total Precincts">22</CountMetric>
					<CountMetric Id="RT" Type="ReportType">1</CountMetric>
					<Selection>
						<Candidate>
							<CandidateIdentifier Id="173" DisplayOrder="1">
								<CandidateName>Dianne&nbsp;Feinstein</CandidateName>
							</CandidateIdentifier>
							<Affiliation>
								<AffiliationIdentifier Id="Party">
									<RegisteredName />
								</AffiliationIdentifier>
								<Type>Democratic</Type>
							</Affiliation>
						</Candidate>
						<ValidVotes>253</ValidVotes>
						<CountMetric Id="PVP" Type="Percent Votes in Party">100.0</CountMetric>
						<CountMetric Id="PVR" Type="Percent Votes in Race">26.0</CountMetric>
					</Selection>
					<Selection>
						<Candidate>
							<CandidateIdentifier Id="396" DisplayOrder="2">
								<CandidateName>Elizabeth&nbsp;Emken</CandidateName>
							</CandidateIdentifier>
							<Affiliation>
								<AffiliationIdentifier Id="Party">
									<RegisteredName />
								</AffiliationIdentifier>
								<Type>Republican</Type>
							</Affiliation>
						</Candidate>
						<ValidVotes>719</ValidVotes>
						<CountMetric Id="PVP" Type="Percent Votes in Party">100.0</CountMetric>
						<CountMetric Id="PVR" Type="Percent Votes in Race">74.0</CountMetric>
					</Selection>
				</ReportingUnitVotes>
				<ReportingUnitVotes>
					<ReportingUnitIdentifier Id="47">Siskiyou</ReportingUnitIdentifier>
					<CountMetric Id="PR" Type="Precincts Reporting">0</CountMetric>
					<CountMetric Id="TP" Type="Total Precincts">60</CountMetric>
					<CountMetric Id="RT" Type="ReportType">0</CountMetric>
					<Selection>
						<Candidate>
							<CandidateIdentifier Id="173" DisplayOrder="1">
								<CandidateName>Dianne&nbsp;Feinstein</CandidateName>
							</CandidateIdentifier>
							<Affiliation>
								<AffiliationIdentifier Id="Party">
									<RegisteredName />
								</AffiliationIdentifier>
								<Type>Democratic</Type>
							</Affiliation>
						</Candidate>
						<ValidVotes>0</ValidVotes>
						<CountMetric Id="PVP" Type="Percent Votes in Party">0.0</CountMetric>
						<CountMetric Id="PVR" Type="Percent Votes in Race">0.0</CountMetric>
					</Selection>
					<Selection>
						<Candidate>
							<CandidateIdentifier Id="396" DisplayOrder="2">
								<CandidateName>Elizabeth&nbsp;Emken</CandidateName>
							</CandidateIdentifier>
							<Affiliation>
								<AffiliationIdentifier Id="Party">
									<RegisteredName />
								</AffiliationIdentifier>
								<Type>Republican</Type>
							</Affiliation>
						</Candidate>
						<ValidVotes>0</ValidVotes>
						<CountMetric Id="PVP" Type="Percent Votes in Party">0.0</CountMetric>
						<CountMetric Id="PVR" Type="Percent Votes in Race">0.0</CountMetric>
					</Selection>
				</ReportingUnitVotes>
				<ReportingUnitVotes>
					<ReportingUnitIdentifier Id="48">Solano</ReportingUnitIdentifier>
					<CountMetric Id="PR" Type="Precincts Reporting">95</CountMetric>
					<CountMetric Id="TP" Type="Total Precincts">199</CountMetric>
					<CountMetric Id="RT" Type="ReportType">1</CountMetric>
					<Selection>
						<Candidate>
							<CandidateIdentifier Id="173" DisplayOrder="1">
								<CandidateName>Dianne&nbsp;Feinstein</CandidateName>
							</CandidateIdentifier>
							<Affiliation>
								<AffiliationIdentifier Id="Party">
									<RegisteredName />
								</AffiliationIdentifier>
								<Type>Democratic</Type>
							</Affiliation>
						</Candidate>
						<ValidVotes>982</ValidVotes>
						<CountMetric Id="PVP" Type="Percent Votes in Party">100.0</CountMetric>
						<CountMetric Id="PVR" Type="Percent Votes in Race">49.5</CountMetric>
					</Selection>
					<Selection>
						<Candidate>
							<CandidateIdentifier Id="396" DisplayOrder="2">
								<CandidateName>Elizabeth&nbsp;Emken</CandidateName>
							</CandidateIdentifier>
							<Affiliation>
								<AffiliationIdentifier Id="Party">
									<RegisteredName />
								</AffiliationIdentifier>
								<Type>Republican</Type>
							</Affiliation>
						</Candidate>
						<ValidVotes>1000</ValidVotes>
						<CountMetric Id="PVP" Type="Percent Votes in Party">100.0</CountMetric>
						<CountMetric Id="PVR" Type="Percent Votes in Race">50.5</CountMetric>
					</Selection>
				</ReportingUnitVotes>
				<ReportingUnitVotes>
					<ReportingUnitIdentifier Id="49">Sonoma</ReportingUnitIdentifier>
					<CountMetric Id="PR" Type="Precincts Reporting">192</CountMetric>
					<CountMetric Id="TP" Type="Total Precincts">433</CountMetric>
					<CountMetric Id="RT" Type="ReportType">1</CountMetric>
					<Selection>
						<Candidate>
							<CandidateIdentifier Id="173" DisplayOrder="1">
								<CandidateName>Dianne&nbsp;Feinstein</CandidateName>
							</CandidateIdentifier>
							<Affiliation>
								<AffiliationIdentifier Id="Party">
									<RegisteredName />
								</AffiliationIdentifier>
								<Type>Democratic</Type>
							</Affiliation>
						</Candidate>
						<ValidVotes>50753</ValidVotes>
						<CountMetric Id="PVP" Type="Percent Votes in Party">100.0</CountMetric>
						<CountMetric Id="PVR" Type="Percent Votes in Race">47.0</CountMetric>
					</Selection>
					<Selection>
						<Candidate>
							<CandidateIdentifier Id="396" DisplayOrder="2">
								<CandidateName>Elizabeth&nbsp;Emken</CandidateName>
							</CandidateIdentifier>
							<Affiliation>
								<AffiliationIdentifier Id="Party">
									<RegisteredName />
								</AffiliationIdentifier>
								<Type>Republican</Type>
							</Affiliation>
						</Candidate>
						<ValidVotes>57233</ValidVotes>
						<CountMetric Id="PVP" Type="Percent Votes in Party">100.0</CountMetric>
						<CountMetric Id="PVR" Type="Percent Votes in Race">53.0</CountMetric>
					</Selection>
				</ReportingUnitVotes>
				<ReportingUnitVotes>
					<ReportingUnitIdentifier Id="50">Stanislaus</ReportingUnitIdentifier>
					<CountMetric Id="PR" Type="Precincts Reporting">388</CountMetric>
					<CountMetric Id="TP" Type="Total Precincts">388</CountMetric>
					<CountMetric Id="RT" Type="ReportType">2</CountMetric>
					<Selection>
						<Candidate>
							<CandidateIdentifier Id="173" DisplayOrder="1">
								<CandidateName>Dianne&nbsp;Feinstein</CandidateName>
							</CandidateIdentifier>
							<Affiliation>
								<AffiliationIdentifier Id="Party">
									<RegisteredName />
								</AffiliationIdentifier>
								<Type>Democratic</Type>
							</Affiliation>
						</Candidate>
						<ValidVotes>608</ValidVotes>
						<CountMetric Id="PVP" Type="Percent Votes in Party">100.0</CountMetric>
						<CountMetric Id="PVR" Type="Percent Votes in Race">52.2</CountMetric>
					</Selection>
					<Selection>
						<Candidate>
							<CandidateIdentifier Id="396" DisplayOrder="2">
								<CandidateName>Elizabeth&nbsp;Emken</CandidateName>
							</CandidateIdentifier>
							<Affiliation>
								<AffiliationIdentifier Id="Party">
									<RegisteredName />
								</AffiliationIdentifier>
								<Type>Republican</Type>
							</Affiliation>
						</Candidate>
						<ValidVotes>556</ValidVotes>
						<CountMetric Id="PVP" Type="Percent Votes in Party">100.0</CountMetric>
						<CountMetric Id="PVR" Type="Percent Votes in Race">47.8</CountMetric>
					</Selection>
				</ReportingUnitVotes>
				<ReportingUnitVotes>
					<ReportingUnitIdentifier Id="51">Sutter</ReportingUnitIdentifier>
					<CountMetric Id="PR" Type="Precincts Reporting">25</CountMetric>
					<CountMetric Id="TP" Type="Total Precincts">57</CountMetric>
					<CountMetric Id="RT" Type="ReportType">1</CountMetric>
					<Selection>
						<Candidate>
							<CandidateIdentifier Id="173" DisplayOrder="1">
								<CandidateName>Dianne&nbsp;Feinstein</CandidateName>
							</CandidateIdentifier>
							<Affiliation>
								<AffiliationIdentifier Id="Party">
									<RegisteredName />
								</AffiliationIdentifier>
								<Type>Democratic</Type>
							</Affiliation>
						</Candidate>
						<ValidVotes>6732</ValidVotes>
						<CountMetric Id="PVP" Type="Percent Votes in Party">100.0</CountMetric>
						<CountMetric Id="PVR" Type="Percent Votes in Race">39.0</CountMetric>
					</Selection>
					<Selection>
						<Candidate>
							<CandidateIdentifier Id="396" DisplayOrder="2">
								<CandidateName>Elizabeth&nbsp;Emken</CandidateName>
							</CandidateIdentifier>
							<Affiliation>
								<AffiliationIdentifier Id="Party">
									<RegisteredName />
								</AffiliationIdentifier>
								<Type>Republican</Type>
							</Affiliation>
						</Candidate>
						<ValidVotes>10529</ValidVotes>
						<CountMetric Id="PVP" Type="Percent Votes in Party">100.0</CountMetric>
						<CountMetric Id="PVR" Type="Percent Votes in Race">61.0</CountMetric>
					</Selection>
				</ReportingUnitVotes>
				<ReportingUnitVotes>
					<ReportingUnitIdentifier Id="52">Tehama</ReportingUnitIdentifier>
					<CountMetric Id="PR" Type="Precincts Reporting">46</CountMetric>
					<CountMetric Id="TP" Type="Total Precincts">46</CountMetric>
					<CountMetric Id="RT" Type="ReportType">2</CountMetric>
					<Selection>
						<Candidate>
							<CandidateIdentifier Id="173" DisplayOrder="1">
								<CandidateName>Dianne&nbsp;Feinstein</CandidateName>
							</CandidateIdentifier>
							<Affiliation>
								<AffiliationIdentifier Id="Party">
									<RegisteredName />
								</AffiliationIdentifier>
								<Type>Democratic</Type>
							</Affiliation>
						</Candidate>
						<ValidVotes>12536</ValidVotes>
						<CountMetric Id="PVP" Type="Percent Votes in Party">100.0</CountMetric>
						<CountMetric Id="PVR" Type="Percent Votes in Race">43.0</CountMetric>
					</Selection>
					<Selection>
						<Candidate>
							<CandidateIdentifier Id="396" DisplayOrder="2">
								<CandidateName>Elizabeth&nbsp;Emken</CandidateName>
							</CandidateIdentifier>
							<Affiliation>
								<AffiliationIdentifier Id="Party">
									<RegisteredName />
								</AffiliationIdentifier>
								<Type>Republican</Type>
							</Affiliation>
						</Candidate>
						<ValidVotes>16618</ValidVotes>
						<CountMetric Id="PVP" Type="Percent Votes in Party">100.0</CountMetric>
						<CountMetric Id="PVR" Type="Percent Votes in Race">57.0</CountMetric>
					</Selection>
				</ReportingUnitVotes>
				<ReportingUnitVotes>
					<ReportingUnitIdentifier Id="53">Trinity</ReportingUnitIdentifier>
					<CountMetric Id="PR" Type="Precincts Reporting">11</CountMetric>
					<CountMetric Id="TP" Type="Total Precincts">25</CountMetric>
					<CountMetric Id="RT" Type="ReportType">1</CountMetric>
					<Selection>
						<Candidate>
							<CandidateIdentifier Id="173" DisplayOrder="1">
								<CandidateName>Dianne&nbsp;Feinstein</CandidateName>
							</CandidateIdentifier>
							<Affiliation>
								<AffiliationIdentifier Id="Party">
									<RegisteredName />
								</AffiliationIdentifier>
								<Type>Democratic</Type>
							</Affiliation>
						</Candidate>
						<ValidVotes>1343</ValidVotes>
						<CountMetric Id="PVP" Type="Percent Votes in Party">100.0</CountMetric>
						<CountMetric Id="PVR" Type="Percent Votes in Race">39.0</CountMetric>
					</Selection>
					<Selection>
						<Candidate>
							<CandidateIdentifier Id="396" DisplayOrder="2">
								<CandidateName>Elizabeth&nbsp;Emken</CandidateName>
							</CandidateIdentifier>
							<Affiliation>
								<AffiliationIdentifier Id="Party">
									<RegisteredName />
								</AffiliationIdentifier>
								<Type>Republican</Type>
							</Affiliation>
						</Candidate>
						<ValidVotes>2100</ValidVotes>
						<CountMetric Id="PVP" Type="Percent Votes in Party">100.0</CountMetric>
						<CountMetric Id="PVR" Type="Percent Votes in Race">61.0</CountMetric>
					</Selection>
				</ReportingUnitVotes>
				<ReportingUnitVotes>
					<ReportingUnitIdentifier Id="54">Tulare</ReportingUnitIdentifier>
					<CountMetric Id="PR" Type="Precincts Reporting">263</CountMetric>
					<CountMetric Id="TP" Type="Total Precincts">263</CountMetric>
					<CountMetric Id="RT" Type="ReportType">2</CountMetric>
					<Selection>
						<Candidate>
							<CandidateIdentifier Id="173" DisplayOrder="1">
								<CandidateName>Dianne&nbsp;Feinstein</CandidateName>
							</CandidateIdentifier>
							<Affiliation>
								<AffiliationIdentifier Id="Party">
									<RegisteredName />
								</AffiliationIdentifier>
								<Type>Democratic</Type>
							</Affiliation>
						</Candidate>
						<ValidVotes>129103</ValidVotes>
						<CountMetric Id="PVP" Type="Percent Votes in Party">100.0</CountMetric>
						<CountMetric Id="PVR" Type="Percent Votes in Race">96.0</CountMetric>
					</Selection>
					<Selection>
						<Candidate>
							<CandidateIdentifier Id="396" DisplayOrder="2">
								<CandidateName>Elizabeth&nbsp;Emken</CandidateName>
							</CandidateIdentifier>
							<Affiliation>
								<AffiliationIdentifier Id="Party">
									<RegisteredName />
								</AffiliationIdentifier>
								<Type>Republican</Type>
							</Affiliation>
						</Candidate>
						<ValidVotes>5379</ValidVotes>
						<CountMetric Id="PVP" Type="Percent Votes in Party">100.0</CountMetric>
						<CountMetric Id="PVR" Type="Percent Votes in Race">4.0</CountMetric>
					</Selection>
				</ReportingUnitVotes>
				<ReportingUnitVotes>
					<ReportingUnitIdentifier Id="55">Tuolumne</ReportingUnitIdentifier>
					<CountMetric Id="PR" Type="Precincts Reporting">33</CountMetric>
					<CountMetric Id="TP" Type="Total Precincts">73</CountMetric>
					<CountMetric Id="RT" Type="ReportType">1</CountMetric>
					<Selection>
						<Candidate>
							<CandidateIdentifier Id="173" DisplayOrder="1">
								<CandidateName>Dianne&nbsp;Feinstein</CandidateName>
							</CandidateIdentifier>
							<Affiliation>
								<AffiliationIdentifier Id="Party">
									<RegisteredName />
								</AffiliationIdentifier>
								<Type>Democratic</Type>
							</Affiliation>
						</Candidate>
						<ValidVotes>551</ValidVotes>
						<CountMetric Id="PVP" Type="Percent Votes in Party">100.0</CountMetric>
						<CountMetric Id="PVR" Type="Percent Votes in Race">4.0</CountMetric>
					</Selection>
					<Selection>
						<Candidate>
							<CandidateIdentifier Id="396" DisplayOrder="2">
								<CandidateName>Elizabeth&nbsp;Emken</CandidateName>
							</CandidateIdentifier>
							<Affiliation>
								<AffiliationIdentifier Id="Party">
									<RegisteredName />
								</AffiliationIdentifier>
								<Type>Republican</Type>
							</Affiliation>
						</Candidate>
						<ValidVotes>13223</ValidVotes>
						<CountMetric Id="PVP" Type="Percent Votes in Party">100.0</CountMetric>
						<CountMetric Id="PVR" Type="Percent Votes in Race">96.0</CountMetric>
					</Selection>
				</ReportingUnitVotes>
				<ReportingUnitVotes>
					<ReportingUnitIdentifier Id="56">Ventura</ReportingUnitIdentifier>
					<CountMetric Id="PR" Type="Precincts Reporting">332</CountMetric>
					<CountMetric Id="TP" Type="Total Precincts">630</CountMetric>
					<CountMetric Id="RT" Type="ReportType">1</CountMetric>
					<Selection>
						<Candidate>
							<CandidateIdentifier Id="173" DisplayOrder="1">
								<CandidateName>Dianne&nbsp;Feinstein</CandidateName>
							</CandidateIdentifier>
							<Affiliation>
								<AffiliationIdentifier Id="Party">
									<RegisteredName />
								</AffiliationIdentifier>
								<Type>Democratic</Type>
							</Affiliation>
						</Candidate>
						<ValidVotes>137731</ValidVotes>
						<CountMetric Id="PVP" Type="Percent Votes in Party">100.0</CountMetric>
						<CountMetric Id="PVR" Type="Percent Votes in Race">66.0</CountMetric>
					</Selection>
					<Selection>
						<Candidate>
							<CandidateIdentifier Id="396" DisplayOrder="2">
								<CandidateName>Elizabeth&nbsp;Emken</CandidateName>
							</CandidateIdentifier>
							<Affiliation>
								<AffiliationIdentifier Id="Party">
									<RegisteredName />
								</AffiliationIdentifier>
								<Type>Republican</Type>
							</Affiliation>
						</Candidate>
						<ValidVotes>70952</ValidVotes>
						<CountMetric Id="PVP" Type="Percent Votes in Party">100.0</CountMetric>
						<CountMetric Id="PVR" Type="Percent Votes in Race">34.0</CountMetric>
					</Selection>
				</ReportingUnitVotes>
				<ReportingUnitVotes>
					<ReportingUnitIdentifier Id="57">Yolo</ReportingUnitIdentifier>
					<CountMetric Id="PR" Type="Precincts Reporting">53</CountMetric>
					<CountMetric Id="TP" Type="Total Precincts">117</CountMetric>
					<CountMetric Id="RT" Type="ReportType">1</CountMetric>
					<Selection>
						<Candidate>
							<CandidateIdentifier Id="173" DisplayOrder="1">
								<CandidateName>Dianne&nbsp;Feinstein</CandidateName>
							</CandidateIdentifier>
							<Affiliation>
								<AffiliationIdentifier Id="Party">
									<RegisteredName />
								</AffiliationIdentifier>
								<Type>Democratic</Type>
							</Affiliation>
						</Candidate>
						<ValidVotes>23580</ValidVotes>
						<CountMetric Id="PVP" Type="Percent Votes in Party">100.0</CountMetric>
						<CountMetric Id="PVR" Type="Percent Votes in Race">58.0</CountMetric>
					</Selection>
					<Selection>
						<Candidate>
							<CandidateIdentifier Id="396" DisplayOrder="2">
								<CandidateName>Elizabeth&nbsp;Emken</CandidateName>
							</CandidateIdentifier>
							<Affiliation>
								<AffiliationIdentifier Id="Party">
									<RegisteredName />
								</AffiliationIdentifier>
								<Type>Republican</Type>
							</Affiliation>
						</Candidate>
						<ValidVotes>17076</ValidVotes>
						<CountMetric Id="PVP" Type="Percent Votes in Party">100.0</CountMetric>
						<CountMetric Id="PVR" Type="Percent Votes in Race">42.0</CountMetric>
					</Selection>
				</ReportingUnitVotes>
				<ReportingUnitVotes>
					<ReportingUnitIdentifier Id="58">Yuba</ReportingUnitIdentifier>
					<CountMetric Id="PR" Type="Precincts Reporting">7</CountMetric>
					<CountMetric Id="TP" Type="Total Precincts">46</CountMetric>
					<CountMetric Id="RT" Type="ReportType">1</CountMetric>
					<Selection>
						<Candidate>
							<CandidateIdentifier Id="173" DisplayOrder="1">
								<CandidateName>Dianne&nbsp;Feinstein</CandidateName>
							</CandidateIdentifier>
							<Affiliation>
								<AffiliationIdentifier Id="Party">
									<RegisteredName />
								</AffiliationIdentifier>
								<Type>Democratic</Type>
							</Affiliation>
						</Candidate>
						<ValidVotes>87</ValidVotes>
						<CountMetric Id="PVP" Type="Percent Votes in Party">100.0</CountMetric>
						<CountMetric Id="PVR" Type="Percent Votes in Race">2.0</CountMetric>
					</Selection>
					<Selection>
						<Candidate>
							<CandidateIdentifier Id="396" DisplayOrder="2">
								<CandidateName>Elizabeth&nbsp;Emken</CandidateName>
							</CandidateIdentifier>
							<Affiliation>
								<AffiliationIdentifier Id="Party">
									<RegisteredName />
								</AffiliationIdentifier>
								<Type>Republican</Type>
							</Affiliation>
						</Candidate>
						<ValidVotes>4265</ValidVotes>
						<CountMetric Id="PVP" Type="Percent Votes in Party">100.0</CountMetric>
						<CountMetric Id="PVR" Type="Percent Votes in Race">98.0</CountMetric>
					</Selection>
				</ReportingUnitVotes>
			</Contest>
			</Contests>
		</Election>
	</Count>
</EML>
